,Preço,Marca,Modelo,GPU,Unidades de Processamento,Tamanho da Memória (GB),Velocidade da Memória (Gbps),Tipo da Memória,Fonte Recomendada (W),Garantia (Meses),Peso
0,2699.99,MSI,Radeon RX 6750 XT MECH 2X 12G OC,AMD,2560,12,18,GDDR6,650,36,1474
1,2299.99,ASUS,Dual RTX 3060 O12G V2,NVIDIA,3584,12,15,GDDR6,650,12,880
2,1559.99,ASRock,AMD Radeon RX 6600 CLD 8G,AMD,1792,8,14,GDDR6,500,12,627
3,1739.99,PNY,VCG30508DFMPB,NVIDIA,2560,8,,GDDR6,,36,1052
4,2378.99,PNY,VCG306012DFBPB1,NVIDIA,3584,12,15,GDDR6,,36,990
5,1799.99,MSI,1660 Super GAMING X,NVIDIA,1408,6,14,GDDR6,450,12,1576
6,2599.99,PNY,VCG3060T8LDFBPB1,NVIDIA,4864,8,14,GDDR6,,36,990
7,899.99,PNY,VCG16504D6SFMPB,NVIDIA,896,4,8,GDDR5,3002,36,989
8,2236.99,MSI,RTX 3060 Ventus,NVIDIA,3584,12,15,GDDR6,550,12,1030
9,1679.99,ASUS,TUF Gaming NVIDIA Geforce GTX 1660 TI O6G EVO OC,NVIDIA,1536,6,12,GDDR6,450,12,1070
10,2793.99,Gigabyte,GV-N3060GAMING OC-12GD,NVIDIA,3584,12,,GDDR6,550,12,1110
11,469.99,Duex,DXGTX750TI2GD5,NVIDIA,640,,,GDDR5,,12,480
12,2158.99,PNY,VCG30608DFBPB1,NVIDIA,3584,8,15,GDDR6,550,36,1021
13,2561.99,MSI,RTX 3050 Gaming X 8G,NVIDIA,2560,8,14,GDDR6,550,12,1691
14,1999.99,MSI,GeForce RTX 2060 VENTUS 12G OC,NVIDIA,2176,12,14,GDDR6,500,36,1474
15,2999.99,Zotac,ZT-A30620E-10P,NVIDIA,4864,8,19,GDDR6,650,24,2005
16,839.99,Galax,63NQL4HP66EX,NVIDIA,512,4,12,GDDR6,300,24,961
17,2378.99,GALAX,36NOL7MD1VOC,NVIDIA,3584,12,15,GDDR6,550,12,1419
18,2656.99,Galax,36ISL6MD1VQW,NVIDIA,4864,8,14,GDDR6,550,12,1441
19,1979.99,Galax,36NSL8MD6OCC,,3584,8,15,GDDR6,550,12,14893
20,209.99,Pcyes,PAKGT6102GBDR3SF,NVIDIA,,102,,GDDR6,,12,263
21,2739.99,Asus,DUAL-RTX3060TI-O8GD6X,NVIDIA,4864,8,19,GDDR6,750,12,
22,2837.99,PowerColor,AXRX 6700XT 12GBD6-3DH,AMD,,12,16,GDDR6,,12,915
23,2079.99,Zotac,ZT-A30630E-10M,NVIDIA,3584,8,15,GDDR6,600,24,1197
24,1999.99,Evga,06G-P4-2068-KR,NVIDIA,1920,36,,GDDR6,500,12,780
25,639.99,Duex,DXGTX750TI4GD5,NVIDIA,640,,,GDDR5,,12,460
26,4859.99,PNY,VCG308010LTFXPPB1,NVIDIA,8704,10,19,GDDR6,750,36,1722
27,179.99,PCYes,PVG2101GBR364LP,NVIDIA,,101,,GDDR6,,12,288
28,1899.99,Duex,DXRTX2060Y,,,14,14,GDDR6,,12,820
29,3644.99,MSI,RTX 3070 VENTUS 3X PLUS,NVIDIA,5888,8,14,GDDR6,650,36,1709
30,609.99,Pcyes,PJRX5504GGR5DF,AMD,,4,,GDDR5,,24,713
31,259.99,Galax,21GGF4HI00NP,NVIDIA,,1,,GDDR5,,12,313
32,1164.41,Galax,Geforce Gtx 1650 Ex (1-click Oc),NVIDIA,896,8,8,Gddr6,8,12,726
33,1179.99,Galax,65SQL8DS66E6,NVIDIA,896,4,8,GDDR6,300,12,794
34,1149.99,Galax,65SQL8DS93E1,NVIDIA,896,4,12,GDDR6,300,12,841
35,2199.99,Zotac,ZT-A30600H-10M,NVIDIA,3584,12,15,GDDR6,600,12,1040
36,999.99,Pcyes,PAXGTX1050TI4GBDR5,NVIDIA,,4,,GDDR5,,12,670
37,1299.99,Asus,TUF-GTX1650-O4GD6-P-GAMING,NVIDIA,896,4,12,GDDR6,300,12,1070
38,1839.99,EVGA,06G-P4-1067-KR,NVIDIA,1408,6,,GDDR5,500,12,774
39,2889.99,Galax,36ISM6MD2KCV,NVIDIA,4864,8,19,GDDR6,650,12,14893
40,2972.99,ZOTAC,ZT-A30610H-10MLHR,NVIDIA,4864,8,14,GDDR6,650,24,1064
41,3216.99,Galax,36ISM6MD1GSP,NVIDIA,4864,8,19,GDDR6,650,12,3157
42,3859.99,ASUS,Dual NVIDIA GeForce RTX 3070 O8G V2 OC,NVIDIA,5888,8,14,GDDR6,750,12,1810
43,117.99,Rise Mode,RM-EX-PV,,,,,GDDR6,,12,124
44,5883.99,MSI,RTX 4070 Gaming X TRIO 12G,NVIDIA,,12,21,GDDR6,600,12,2392
45,1299.99,MSI,GeForce GTX 1650 D6 VENTUS XS OC,NVIDIA,896,4,12,GDDR6,300,12,640
46,399.99,Power Color,AXRX 550 2GBD5-HLE,AMD,512,2,0,GDDR5,,12,638
47,1299.99,PNY,VCNT4004GB-PB,NVIDIA,384,4,,GDDR6,400,12,851
48,5524.99,MSI,RTX 4070 VENTUS,NVIDIA,,12,21,GDDR6,600,12,1067
49,3399.99,MSI,GeForce RTX 3060 Ti VENTUS 3X 8G OC LHR,NVIDIA,4864,8,14,GDDR6,600,12,1647
50,269.99,GALAX,71GGF4DC00WG,NVIDIA,,1,,GDDR6,,12,340
51,2709.99,Gigabyte,12G-P5-3657-KR,NVIDIA,3584,12,,GDDR6,550,12,1534
52,1598.31,MSI,912-V809-4057,NVIDIA,,4,,GDDR5,,12,2000
53,1699.99,MSI,Super Ventus XS OC,NVIDIA,1408,6,14,GDDR6,450,12,1020
54,11599.99,MSI,RTX 4090 GAMING TRIO 24G,NVIDIA,16384,24,21,GDDR6,850,12,4000
55,2283.99,ASRock,RX6600XT CLD 8GO,AMD,2048,8,16,GDDR6,500,12,970
56,5889.99,MSI,GeForce RTX 4070 Ti VENTUS 3X 12,NVIDIA,7680,12,21,GDDR6,,36,1999
57,2999.99,Asus,90YV0FT2-M0NA00,NVIDIA,4864,8,14,GDDR6,750,12,590
58,569.99,Gigabyte,GV-N1030D5-2GL,NVIDIA,,2,,GDDR5,300,12,451
59,1329.99,ASUS,CERBERUS-GTX1050TI-O4G,NVIDIA,768,4,,GDDR5,,12,740
60,1789.99,Galax,35NSL8MD5YBP,NVIDIA,2560,8,14,GDDR6,,24,961
61,6489.99,Gigabyte,GV-N407TGAMING OC-12GD,NVIDIA,7680,12,21,GDDR6,750,48,2300
62,11589.99,Gigabyte,GV-N4090GAMING OC-24GD,NVIDIA,16384,24,21,GDDR6,1000,48,2860
63,189.99,MSI,N210-MD1G/D3,NVIDIA,,,,GDDR6,,36,310
64,13194.99,ASUS,NVIDIA ROG Strix,NVIDIA,16384,24,21,GDDR6,1000,12,
65,819.99,Pny,VCQP400V2PB,NVIDIA,256,2,,GDDR5,,36,329
66,499.99,MSI,912-V809-2826,NVIDIA,,2,,GDDR5,2220300150691912452,12,443
67,12649.99,Gigabyte,Geforce RTX 4090 SUPRIM LIQUID X 24G,NVIDIA,16384,24,21,GDDR6,850,12,5000
68,6719.99,Zotac,ZT-D40710J-10P,NVIDIA,7680,12,21,GDDR6,750,24,2538
69,2219.99,Galax,NVIDIA GeForce RTX 3050 EX,NVIDIA,2560,8,,GDDR6,450,12,991
70,7359.99,ASRock,"RX 7900 XTX Phantom Gaming AMD, 24 GB",AMD,6144,24,20,GDDR6,1000,12,2300
71,2099.99,Asus,DUAL-RTX3050-O8G,NVIDIA,2560,8,14,GDDR6,550,12,890
72,3599.99,ASUS,DUAL NVIDIA Geforce RTX 3060 TI 8G Mini V2,NVIDIA,4864,8,14,GDDR6,750,12,920
73,562.99,Galax,30NPH4HVQ4ST,NVIDIA,,48,,GDDR5,300,12,420
74,1199.99,Zotac,ZT-T16520F-10L,NVIDIA,896,4,12,GDDR6,350,12,660
75,1048.99,Sapphire,11315-01-20G,AMD,,8,,GDDR6,350,12,384
76,6899.99,ASUS,RTX 4070 Ti TUF Gaming,NVIDIA,,12,,GDDR6,750,36,2010
77,2369.99,Asus,90YV0HM4-M0NA00,NVIDIA,2560,8,14,GDDR6,550,36,
78,6499.99,MSI,GeForce RTX 4070 Ti GAMING X TRI,NVIDIA,7680,12,21,GDDR6,,36,2631
79,1509.99,PNY,VCNT600-PB,NVIDIA,640,4,,GDDR6,36,36,507
80,5199.99,Gigabyte,RTX 4070 Eagle OC,NVIDIA,5888,12,21,GDDR6,650,12,1292
81,3799.99,PNY,RTX 3070 Ti UPRISING,NVIDIA,6144,8,19,GDDR6,,36,1556
82,11511.99,PNY,VCG409024TFXXPB1,NVIDIA,16384,24,,GDDR6,,36,2500
83,159.99,Duex,G210LP-512MD3,NVIDIA,,,,GDDR6,,12,320
84,6479.99,PNY,VCG4070T12TFXXPB1,NVIDIA,7680,12,21,GDDR6,,36,1190
85,2361.99,Sapphire,11319-03-20G,,2048,8,5,GDDR6,500,12,870
86,986.42,PNY,VCG16504D6DFPPB,NVIDIA,896,4,12,GDDR6,,12,720
87,711.72,,,AMD,,,,GDDR6,,3,850
88,11689.99,Galax,49NXM5MD6DSG,NVIDIA,16384,24,21,GDDR6,,12,3701
89,1369.99,ASRock,90-GA3DZZ-00UANF,AMD,,4,,GDDR6,404124624001824012942,12,730
90,8358.99,GALAX,48NZM6MD6LSG,NVIDIA,9728,16,4,GDDR6,16545038,12,3932
91,9501.99,PNY,VCG408016TFXXPB1,NVIDIA,9728,16,,GDDR6,,36,2354
92,776.9,Sapphire,11268-01-20G,AMD,1206,4,,GDDR5,,12,490
93,11999.99,PNY,VCG409024TFXXPB1-O,NVIDIA,16384,24,,GDDR6,850,36,2430
94,173.99,afox,stomr-z gt210 - af210-1024d3l8,,,1,,GDDR6,,3,600
95,2245.9,Galax,GeForce RTX 3060,NVIDIA,,15,15,GDDR6,10,12,1320
96,2479.99,EVGA,08G-P5-3553-KR,NVIDIA,2560,24,,GDDR6,550,12,830
97,4929.99,PNY,VCG407012DFXPB1,NVIDIA,5888,12,,GDDR6,,12,920
98,3003.89,rtx 3060 ti,rtx 3060 ti,,,,,GDDR6,600,24,1340
99,3999.99,Gigabyte,GV-N3070GAMING OC-8GD,NVIDIA,5888,8,,GDDR6,650,12,1917
100,11499.99,Zotac,ZT-D40900J-10P,NVIDIA,16384,24,21,GDDR6,1000,24,2930
101,699.99,Gigabyte,GV-N1030D4-2GL,NVIDIA,384,2,,GDDR6,300,12,626
102,6568.99,ASRock,"RX 7900 XTX Phantom Gaming AMD, 20 GB",AMD,5376,20,20,GDDR6,750,12,2010
103,6479.99,ASUS,TUF-RTX4070TI-12G-GAMING,NVIDIA,7680,12,21,GDDR6,750,12,2080
104,929.99,ASRock,Intel Arc A380 Challenger ITX,,121110300040005000,6,5,GDDR6,500,12,719
105,2031.99,Gigabyte,GV-N166SOC-6GD,NVIDIA,1408,6,,GDDR6,450,12,949
106,499.99,ROG,Wingwall,,,,,GDDR6,,12,580
107,3699.99,ASUS,DUAL-RX6700XT-12G,AMD,2560,12,,GDDR6,650,12,
108,8964.99,ASUS,RTX 4080 TUF Edition,NVIDIA,9728,16,4,GDDR6,750,12,3032
109,2957.99,Powercolor,AXRX 6650XT 8GBD6-3DHE/OC,AMD,2048,8,5,GDDR6,,12,1400
110,9349.99,Gigabyte,RTX 4080 Gaming OC,NVIDIA,9728,16,4,GDDR6,850,48,3221
111,6999.99,Gigabyte,GV-N407TEAGLE OC-12GD,NVIDIA,7680,12,21,GDDR6,750,36,1770
112,649.99,Pcyes,PAX740D54GB,NVIDIA,384,4,,GDDR5,,12,490
113,1945.31,Galax,GeForce GTX 1660TI,NVIDIA,,12,12,GDDR6,8,3,900
114,469.99,EVGA,02G-P3-3733-KR,NVIDIA,,40,,GDDR5,300,12,234
115,999.99,Power Color,AXRX 6400,AMD,768,4,0,GDDR6,,12,638
116,11128.99,Zotac,ZT-A30820D-10PLHR,NVIDIA,8960,12,19,GDDR6,750,12,2824
117,4959.99,PNY,VCNRTXA200012GB-PB,NVIDIA,3328,12,,GDDR6,2000,12,1072
118,3059.99,PNY,VCNT10008GB-PB,NVIDIA,896,8,,GDDR6,1000,12,507
119,2219.99,MSI,RTX 3050 Ventus 2X 8G OC,NVIDIA,2560,8,14,GDDR6,550,12,1000
120,1499.99,MSI,Radeon RX 6500 XT MECH 2X 4G OC,AMD,1024,4,18,GDDR6,400,12,826
121,2241.99,PNY,VCNT1000-PB,NVIDIA,896,4,,GDDR6,36,36,440
122,9449.99,MSI,RTX 4080 16GB GAMING X TRIO,NVIDIA,9728,16,4,GDDR6,750,36,4000
123,12499.99,Zotac,ZT-D40900K-10P,NVIDIA,16384,24,21,GDDR6,1000,24,3160
124,1999.99,PNY,VCG30508DFBPB1,NVIDIA,2560,8,14,GDDR6,,36,907
125,2990.9,Galax,GeForce RTX 3060 TI,NVIDIA,4864,8,,GDDR6,550,12,1200
126,4499.99,Colorful,Gtx 1660 Super NB,NVIDIA,,6,,GDDR6,125116140815301785614192612145304508,12,1000
127,1119.99,XFX,RX-64XL4SFG2,AMD,768,4,16,GDDR6,400,12,240
128,2689.99,MSI,RTX 3060 GAMING X 12G,NVIDIA,3584,12,15,GDDR6,550,12,1924
129,2609.99,Gigabyte,GV-N3060EAGLE OC-12GD,NVIDIA,3584,12,,GDDR6,550,12,1227
130,799.99,Asus,PH-RX550-4G-EVO,AMD,512,4,,GDDR5,350,12,
131,10489.99,Redragon,ROG-STRIX-RTX4080-O16G-GAMING,NVIDIA,9728,16,4,GDDR6,750,12,
132,6799.99,PNY,VCG4070T12TFXXPB1-O,NVIDIA,7680,12,21,GDDR6,,12,1960
133,12999.99,PNY,VCG409024TFXMPB,NVIDIA,16384,24,21,GDDR6,1000,36,2786
134,6799.99,Galax,47IOM7MD6TTS,NVIDIA,7680,12,21,GDDR6,53001628,12,2360
135,7199.99,Zotac,ZT-D40710B-10P,NVIDIA,7680,12,21,GDDR6,750,24,3151
136,7629.99,Sapphire,11322-02-20G,AMD,6144,24,20,GDDR6,800,12,1930
137,2149.99,Asus,90YV0GB5-M0NA00,NVIDIA,3584,0,15,GDDR6,650,36,
138,8054.99,Sapphire,11323-01-40G,AMD,6144,24,20,GDDR6,800,12,2630
139,2699.99,XFX,RX-665X8TBDY MERC308 BLACK,AMD,2048,8,5,GDDR6,600,12,1280
140,119.0,DeepCool,GH-01 A-RGB,,,,,GDDR6,,12,801
141,8999.99,MSI,RTX 4080 Ventus 3X,NVIDIA,9728,16,4,GDDR6,750,36,3500
142,16999.99,Zotac,ZT-A30900D-10P,NVIDIA,10496,24,5,GDDR6,750,12,2260
143,233.1,Afox,AFR5220-2048D3L5,AMD,,,,GDDR6,,12,352
144,231.93,,,NVIDIA,,64,,GDDR6,,12,316
145,2402.94,Colorful,RTX 3060 NB DUO LHR-V,NVIDIA,,12,,GDDR6,550,12,2000
146,1999.99,XFX,RX-66XL8LFDQ,AMD,1792,8,14,GDDR6,650,12,1568
147,3799.99,PNY,VCNRTXA2000-PB,NVIDIA,3328,6,,GDDR6,2000,36,1072
148,8999.99,Gigabyte,GV-N4080EAGLE OC-16GD,NVIDIA,9728,16,4,GDDR6,850,36,3291
149,5359.99,PNY,VCG308012LTFMPB,NVIDIA,,12,19,GDDR6,750,36,1566
150,9099.99,Gigabyte,90YV0IB1-M0NA00,NVIDIA,9728,16,4,GDDR6,750,36,
151,8117.99,ASUS,TUF-RX7900XTX-O24G-GAMING,AMD,6144,24,20,GDDR6,850,12,3190
152,8559.99,PowerColor,RX7900XTX 24G-E/OC,AMD,6144,24,0,GDDR6,,12,2130
153,4459.99,Asus,90YV0HK0-M0NA00,,40675025604628237680432041275027,12,18,GDDR6,40675025604628237680432041275027,36,1910
154,8299.99,EVGA,12G-P5-3955-KR,NVIDIA,10240,12,,GDDR6,,12,1560
155,6519.99,PNY,VCG3080T12TFXMPB1-TF,NVIDIA,10240,12,19,GDDR6,350,36,1568
156,4999.99,Galax,RTX 4070 EX Gamer Pink,NVIDIA,5888,12,21,GDDR6,,36,2320
157,5799.99,Galax,RTX 4070 EX Gamer White,NVIDIA,5888,12,21,GDDR6,,36,2320
158,3623.91,Asus,DUAL-RTX3070-O8G,NVIDIA,,8,14,GDDR6,750,12,15000
159,378.11,afox,storm-z gt730 - af730-4096d3l6,,,,,GDDR6,,12,600
160,183.65,GALAX,21GGF4 HI00NP,NVIDIA,,21,,GDDR6,,3,320
161,269.9,PCYES,GT 610,NVIDIA,,102,,GDDR3,,12,600
162,2429.99,Zotac,ZT-A30600E-10M,NVIDIA,3584,12,15,GDDR6,600,12,1000
163,799.99,Duex,DXRX5504GB,AMD,512,504,,GDDR6,300,12,470
164,7999.99,PNY,VCG408016TFXMPB,NVIDIA,9728,16,4,GDDR6,,36,2660
165,6619.99,PowerColor,RX7900XT 20G-L/OC,AMD,5376,20,0,GDDR6,,12,2550
166,4989.99,Zotac,ZT-D40700H-10M,NVIDIA,,12,0,GDDR6,600,12,1197
167,7481.99,PNY,VCNRTXA4000-PB,NVIDIA,6144,16,36,GDDR6,,36,1103
168,12146.99,Zotac,ZT-D40900B-10P,NVIDIA,16384,24,21,GDDR6,1000,24,3210
169,2399.99,XFX,RX-665X8LUDY QICK308 ULTRA,AMD,2048,8,5,GDDR6,600,12,1220
170,1709.99,Galax,60SRH7DSY91C,NVIDIA,1408,6,8,GDDR5,450,12,931
171,2049.99,Intel,Arc A750,,,12,16,GDDR6,,36,1640
172,1349.1,ASUS,GTX 1050Ti - CERBERUS-GTX1050TI-O4G,NVIDIA,,4,,GDDR5,,3,1400
173,770.91,Asus,PH-RX550-4G-EVO,AMD,,4,,GDDR5,350,3,
174,2969.4,Galax,26ISL6HP68LD,NVIDIA,2176,8,,GDDR6,,3,1000
175,244.71,,PA230DR364LP,AMD,160,2,,GDDR3,,12,286
176,1969.99,Nvidia,RTX 3060 GDDR6 1-Click OC Plus 36NSL8MD6OCC,NVIDIA,112,3060,15,GDDR6,,12,1040
177,2883.99,ASUS,RTX 3060 White OC Edition,NVIDIA,3584,8,15,GDDR6,650,36,830
178,181.71,AFOX,GeForce GT220,NVIDIA,8981796,710,,GDDR3,,12,246
179,179.1,Afox,AF210-1024D3L5-V2,NVIDIA,,2,0,GDDR3,,12,413
180,7999.99,Zotac,RTX 4080 Trinity OC,NVIDIA,9728,16,4,GDDR6,750,12,3081
181,3099.99,Asus,90YV0HL0-M0NA00,,40665020484618237680432041265025,8,5,GDDR6,40665020484618237680432041265025,36,1160
182,3399.99,Sapphire,11318-03-20G,,2560,12,18,GDDR6,650,12,1936
183,3503.99,ASRock,AMD Radeon RX 6700 XT Challenger,AMD,2560,12,16,GDDR6,650,12,1497
184,14499.99,PNY,RTXA5000,NVIDIA,8192,24,36,GDDR6,,36,1350
185,1348.54,,,NVIDIA,384,4,,GDDR6,,12,412
186,741.06,Pcyes,PCYES RX550,AMD,,4,,GDDR5,,3,652
187,188.99,PCYes,PA210G6401D3LP,NVIDIA,,1,,GDDR5,,3,500
188,205.83,Pcyes,,AMD,,202,5,GDDR3,,12,310
189,1802.58,Galax,35NSL8MD5YBP,NVIDIA,,14,14,GDDR6,,12,1500
190,596.09,Nvidia,,,,64,,GDDR5,,3,200
191,4894.91,Galax,RTX 3080 12GB GDDR6X 384bits,NVIDIA,,12,19,GDDR6,10,3,1800
192,1278.9,Asus,Geforce GTX 1650 Dual,NVIDIA,,4,,GDDR5,300,3,
193,1067.39,AMD,AMD 2GBD5-HLEV2,AMD,,502,,GDDR5,,3,600
194,656.82,Colorful,GT 1030 V6-V,NVIDIA,,2,,GDDR4,300,12,1000
195,239.88,AFOX,RADEON R5 220,AMD,,64,,GDDR4,,12,318
196,652.5,,,NVIDIA,384,4,,GDDR5,,12,476
197,4249.99,Zotac,ZT-A30700E-10PLHR,NVIDIA,,8,14,GDDR6,,12,1800
198,669.04,PCYES,RADEON RX550 - DUAL FAN GRAFFITI SERIES,AMD,512,4,,GDDR5,,12,694
199,665.71,Colorful,GeForce GT 1030,NVIDIA,,4,,GDDR4,,12,1000
200,159.1,Colorful,,,534526970417593140847330901,,,GDDR4,,12,120
201,8444.99,Zotac,RTX 4080 Trinity,NVIDIA,9728,16,4,GDDR6,750,12,3030
202,11499.99,ASUS,ROG-STRIX-RTX4080-O16G-WHITE,NVIDIA,9728,16,4,GDDR6,750,12,3565
203,5349.99,Zotac,ZT-D40700F-10P,NVIDIA,,12,0,GDDR6,600,12,2626
204,3960.0,Gigabyte,GTX 1660,NVIDIA,1536,6,,GDDR6,450,3,1500
205,265.75,,,NVIDIA,,1,,GDDR6,,12,11000
206,3412.99,XFX,RX-675XYLUDP QICK319 ULTRA,AMD,2560,12,18,GDDR6,750,12,2258
207,6999.99,PNY,VCNRTXA4500-PB,NVIDIA,7168,20,36,GDDR6,12,12,1320
208,8699.99,Zotac,RTX 4080 Ventus 3X,NVIDIA,9728,16,4,GDDR6,750,12,3104
209,286.35,AFOX,,AMD,,2,,GDDR6,,12,735
210,164.9,,,,,,,GDDR6,,,300
211,244.35,Afox,AFR5220-2048D3L9-V2,AMD,,2,,GDDR6,,3,709
212,1839.89,Galax,NVIDIA GeForce RTX 3050 EX,NVIDIA,,8,,GDDR6,,12,1000
213,11699.9,Galax,GeForce RTX 4090,NVIDIA,,2,2,GDDR6,850,3,4000
214,355.73,: Afox,:AF610-2048D3L5,NVIDIA,,2,,GDDR6,,12,800
215,232.9,Afox,AFR5220-1024D3L5-V2,AMD,,,,GDDR6,,3,357
216,3239.9,Galax,RTX 3060 TI GDDR6X SG 1-Click OC Plus 36ISM6MD4BPL,NVIDIA,152,8,14,GDDR6,,24,2000
217,18.9,Ctech,PCI-E / Splitter,,,,,GDDR6,,3,
218,4710.36,Pny,VCNRTXA200012GB-PB,NVIDIA,,200012,,GDDR6,,12,2000
219,10799.1,Palit,NE63070019P2-1040G,NVIDIA,,8,14,GDDR6,650,12,2500
220,930.07,Afox,AF740-4096D5H2-V2,NVIDIA,,4,4,GDDR5,,3,580
221,15799.52,Gainward,RTX 3080TI GAINWARD,NVIDIA,,12,12,Gddr6,,3,1370
222,10040.65,Pny,VCNRTXA4000-PB,NVIDIA,6144,16,36,GDDR6,4000,12,2000
223,179.9,Duex,,NVIDIA,,3,,GDDR6,,3,300
224,665.46,Afox,AFRX550-4096D5H4-V5,AMD,,4,,GDDR5,,3,1500
225,245.21,Thermaltake,AC053CN1OTNC1,,,,,GDDR5,,12,100
226,463.28,AFOX,GT730,NVIDIA,,4,,GDDR5,,12,1000
227,185.56,,Goline GL-GL210,NVIDIA,,,,GDDR5,,6,332
228,510.0,,,,,,,GDDR5,400,,1000
229,23129.9,,,NVIDIA,,,,GDDR5,,12,3000
230,1142.52,PNY,VCNT4004GB-PB,,,4004,,GDDR6,,0,1000
231,1299.0,Duex,GEFORCE GTX 1050 TI,NVIDIA,768,128,,GDDR5,,3,490
232,6806.79,PowerColor,1A1-G00342200G,AMD,,16,0,GDDR6,,3,2200
233,486.79,DEX,GTX550TI PV-05,NVIDIA,,,,GDDR6,,3,600
234,1443.17,Nvidia- Modelo: VCQK4200,VCQK4200,NVIDIA,,4,,GDDR5,,3,890
235,302.9,Afox,PVG2101GBR364LP,NVIDIA,,101,,GDDR5,,12,600
236,7699.0,Nvidia,Rtx4070ti,NVIDIA,,,,GDDR5,,12,2500
237,16999.9,zotac,zt-a30900d-10p,NVIDIA,,,,GDDR5,750,12,2250
238,2494.8,msi,rtx 3060 ventus 2x 12g oc,NVIDIA,,,,GDDR5,550,12,1800
239,202.0,Afox,AF240-1024D3L2-V2,NVIDIA,,1,,GDDR5,,12,270
240,429.8,Knup,-,NVIDIA,,,,GDDR5,,3,600
241,28.9,Ctech,PCI-E / Splitter,,,,,GDDR5,,3,
242,22.9,Ctech,,,,,,GDDR5,,3,
243,1299.0,MSI,MSI GTX1650 D6 VENTUS XS OCV1 4GB - 912-V809-4057,NVIDIA,896,4,12,GDDR6,,3,1000
244,557.72,PcYes,PJ6570HDR3SF,AMD,480,2,,GDDR3,,3,540
245,2832.96,Pny,,NVIDIA,896,4,,GDDR6,,12,450
246,6849.92,Palit,NED3080U19IA-1020G V1,NVIDIA,,1020,19,GDDR6,850,12,2000
247,715.83,PCWINMAX,,AMD,,4,,GDDR5,,12,1000
248,314.1,Afox,AF420-2048D3L2,NVIDIA,,2,,GDDR5,,12,749
249,3869.1,Powercolor,8GBD5-DHDV2/OC,AMD,,8,0,GDDR5,,3,832
250,7899.99,PowerColor,RX7900XTX 24G-L/OC,AMD,6144,24,0,GDDR6,,12,2100
251,9775.91,Colorful,rtx 4080 16gb vulcan,,,16,,GDDR6,750,24,2400
252,1465.25,MSI,GeForce GTX 1050 Ti 4GT OC,NVIDIA,768,4,0,GDDR5,215,3,1588
253,1478.52,Palit,NE6306T019P2-190AD,AMD,,,,GDDR5,,3,580
254,1157.2,Gigabyte,GEFORCE GT 1030,NVIDIA,384,2,,GDDR5,,12,840
255,15749.0,msi,912-v510-014,,,4090,,GDDR5,,3,5000
256,3644.86,Palit,Palit RTX 3050 Dual 8GB / NE63050019P1-190AD,NVIDIA,2560,8,14,GDDR6,,12,900
257,349.67,PCYES,PJ54506401D3LP,AMD,,1,,GDDR6,,12,800
258,292.42,Colorful,GT 710,NVIDIA,,64,,GDDR3,,12,9200
259,2529.0,igabyte ModeloGV-N1650OC-4GL Chipset:- GeForce GTX 1650 GPU:- Clock Principal: 1695 MHz (Cartão de referência: 1665 MHz)- Núcleos CUDA: 896 Memória:- Clock: 8002 MHz- Capacidade: 4 GB- Tipo: GDDR5- Barramento: 128 bits- Largura de banda: 128 GB/s Interface:- PCI-E 3.0 x16 Exibição:- Resolução: 7680 x 4320 a 60Hz (máxima digital)- Visualização múltipla: até 3 Físico:- Dimensões: 166.9 x 69 x 39 mm- PCB Form: Low Profile Recursos:- DirectX 12- OpenGL 4.6 Energia:- Exigência de poder: 300W Conexões:- 1x DisplayPort 1.4- 1x HDMI 2.0b- 1x DVI-D Conteúdo da Embalagem:- Placa de Vídeo Gigabyte- Guia rápido- CD do driver- Bracket Low Profile,V-N1650OC-4GL Chipset:- GeForce GTX 1650 GPU:- Clock Principal: 1695 MHz (Cartão de referência: 1665 MHz)- Núcleos CUDA: 896 Memória:- Clock: 8002 MHz- Capacidade: 4 GB- Tipo: GDDR5- Barramento: 128 bits- Largura de banda: 128 GB/s Interface:- PCI-E 3.0 x16 Exibição:- Resolução: 7680 x 4320 a 60Hz (máxima digital)- Visualização múltipla: até 3 Físico:- Dimensões: 166.9 x 69 x 39 mm- PCB Form: Low Profile Recursos:- DirectX 12- OpenGL 4.6 Energia:- Exigência de poder: 300W Conexões:- 1x DisplayPort 1.4- 1x HDMI 2.0b- 1x DVI-D Conteúdo da Embalagem:- Placa de Vídeo Gigabyte- Guia rápido- CD do driver- Bracket Low Profile,NVIDIA,,1650,,GDDR5,,12,1100
260,9178.0,Powercolor,AXRX 6700XT 12GBD6-3DHE,AMD,,12,0,GDDR6,,3,3000
261,806.65,PCWINMAX,,,,2,,GDDR5,,12,1000
262,631.79,Afox,Geforce GT 420 4GB,NVIDIA,,4,,GDDR3,,3,350
263,1889.1,Galax,GTX 1050Ti,NVIDIA,768,5,5,GDDR5,,3,900
264,16699.99,PNY,VCNRTXA5500-PB,NVIDIA,10240,24,36,GDDR6,230,36,1302
265,10169.99,ASUS,ROG-STRIX-RTX4080-16G-GAMING,NVIDIA,9728,16,4,GDDR6,750,12,
266,7469.99,ASUS,TUF-RX7900XT-O20G-GAMING,AMD,5376,20,20,GDDR6,750,12,3230
267,13487.93,Msi,Geforce RTX 4090 Suprim Liquid,NVIDIA,,24,,GDDR6,,3,5000
268,455.0,,,NVIDIA,,128,,GDDR6,,12,1288
269,717.6,Galax,GeForce GT 1030,NVIDIA,,48,,GDDR5,8,12,950
270,1433.6,,,NVIDIA,,4,,GDDR5,,3,1220
271,1201.37,Pny,Vcg16504d6sfmpb1,NVIDIA,,12,12,GDDR6,,3,650
272,14083.83,Galax,49NXM5MD6DDR,NVIDIA,16384,24,21,GDDR6,,12,4240
273,2193.78,Pcyes,PCYES RTX 2060,NVIDIA,,6,14,GDDR6,,12,1800
274,3814.57,Msi,RTX 3060 Gaming,NVIDIA,,3060,,Gddr6,,12,2200
275,2458.8,Pcyes,,AMD,1792,8,,GDDR6,,12,1000
276,299.0,,Igame Suporte Argb,,,,,GDDR6,,12,
277,809.91,PCYES,PCYES GEFORCE GT 740,NVIDIA,384,4,5,GDDR5,,3,1100
278,1870.0,Asus,PH-GTX1660-O6G E,NVIDIA,,6,,GDDR5,76804320450822174,3,1600
279,187.84,Afox,AF210-1024D3L2,NVIDIA,,,,GDDR5,,3,420
280,838.0,pcyes,geforce gtx 750 ti,NVIDIA,,2,,GDDR5,,12,382
281,16199.1,,,NVIDIA,,,,GDDR5,,,2526
282,3660.9,MSI,MSI RTX 3060 Ti VENTUS 2X OCV1 8GB,NVIDIA,4864,8,14,GDDR6,650,3,2000
283,890.0,AFOX,AFRX550-4096D5H5-V2,AMD,,4,,GDDR5,,12,600
284,715.34,MSI,OC-912-V809-4065,NVIDIA,,2,,GDDR5,,3,342
285,6202.94,Colorful,rtx 4070 ti ultra,,,,,GDDR5,700,24,1620
286,5150.14,Colorful,Rtx 3080 Ultra W. oc 10g Lhr-v,NVIDIA,,320,,GDDR6,750,12,2000
287,1347.27,Palit,NE5105T018G1-1070F,NVIDIA,,4,,GDDR5,300,3,1000
288,2137.5,PowerColor,axrx 6600 8GBD6-3DHL,AMD,,8,14,GDDR6,500,3,1130
289,1022.31,PCYES,PA10502GBDF128,NVIDIA,640,502,,GDDR5,,3,1500
290,562.0,PcYes,PJHD6570GR54GSF,AMD,,4,,GDDR5,,3,480
291,815.0,PCYES,PJ6570HDR5SF4GB,AMD,480,4,,GDDR5,,12,600
292,326.0,PCYES,RADEON R5 230,NVIDIA,,2,,GDDR5,350,0,300
293,412.99,,,NVIDIA,,,,GDDR5,,12,580
294,5154.15,Colorful,GEFORCE GTX 1630,NVIDIA,,10,,GDDR6,750,12,2000
295,4999.9,Gigabyte,GVN2060D66GD 20 Recursos,NVIDIA,,6,,GDDR6,,3,1500
296,539.9,Duex Modelo: GT1030 Especificações: - Capacidade: 2GB - GPU: GP108 - CUDA: 384SP - CORE: 1228MHz - MCLK: 6008MHz - Tamanho da Memória: 2048MB - Tipo da Memória: GDDR5 - MEM.BUS: 64bit - Saída: HDMI VGA/DVI - Solução de Calor: single fan Itens na embalagem: - 1x Placa de Video GT1030 2GB DDR5 DUEX,GT1030 Especificações: - Capacidade: 2GB - GPU: GP108 - CUDA: 384SP - CORE: 1228MHz - MCLK: 6008MHz - Tamanho da Memória: 2048MB - Tipo da Memória: GDDR5 - MEM.BUS: 64bit - Saída: HDMI VGA/DVI - Solução de Calor: single fan Itens na embalagem: - 1x Placa de Video GT1030 2GB DDR5 DUEX,NVIDIA,,2,,GDDR5,,12,368
297,435.24,KNUP,Kp-gt730/ab,NVIDIA,,2,,GDDR5,,3,500
298,15397.92,Palit,,,,,,GDDR5,1200,12,3000
299,2735.52,Galax,26NRL7HP68CX,NVIDIA,1920,6,14,GDDR6,500,3,1200
300,949.59,AFOX,GEFORCE GTX 750 TI,NVIDIA,,128,,GDDR5,,12,742
301,1617.3,Galax,60SRH7DSY91C,NVIDIA,1408,6,8,GDDR5,8,12,2200
302,2339.1,Palit,NE61650S1BG1-1175A,NVIDIA,,1,12,GDDR6,300,3,1350
303,2399.1,Power Color,AXRX 6600XT 8GBD6-3DH,AMD,,8,0,GDDR6,,12,820
304,3226.98,Gainward,Geforce Rtx™ 3060 Ghost Oc Ne63060t19k9-190au,NVIDIA,,3060,12,GDDR6,,24,1500
305,9771.21,Gainward,NED4080019T2-1032X,NVIDIA,,16,4,GDDR6,,12,2400
306,1022.12,Afox,AF750-4096D5L4(GDDR5),NVIDIA,,4,,GDDR5,,3,404
307,188.1,AFOX,GEFORCE GT210 - AF210-1024D3L8,NVIDIA,,,,GDDR5,,3,512
308,2585.0,PNY,Quadro Turing T1000,NVIDIA,896,4,,GDDR6,,3,425
309,855.89,PowerColor,AXRX 550 4GBD5-DH,AMD,,4,0,GDDR5,,12,1227
310,8653.83,PowerColor,AXRX 6900 XTU 16GBD6-3DHE/OC,AMD,,16,0,GDDR6,,12,3400
311,1378.91,,,NVIDIA,,,,GDDR6,,12,1000
312,9157.9,Palit,NE63070019P2-1040G,NVIDIA,,10,19,GDDR6,750,12,2100
313,20827.75,ASUS,TUF-RTX3080TI-O12G-GAMING,NVIDIA,320,12,19,GDDR6,,3,2189
314,204.32,AFOX,AF240-1024D3L2,NVIDIA,,1,,GDDR6,,3,297
315,399.0,AFOX,GT 730,NVIDIA,2048,128,,GDDR6,,12,704
316,1124.99,Galax,GeForce GT 1030,NVIDIA,,0,,GDDR6,,3,3000
317,20990.0,Galax,,NVIDIA,,24,,GDDR6,3090,3,3950
318,1030.38,Colorful,GeForce® GTX 1650 Chip Series GeForce® GTX 1650,NVIDIA,896,12,12,GDDR6,,12,1000
319,841.0,Afox,af750ti-4096d5h1,NVIDIA,,4,,GDDR5,,3,645
320,63.75,Knup,Kp-pl906,,,,,GDDR5,,3,105
321,4845.36,Pny,,NVIDIA,,8,,GDDR5,,12,3000
322,6227.91,PowerColor,AXRX 6900XT 16GBD6-3DHE/OC,AMD,,16,0,GDDR6,,12,25000
323,1096.49,PNY,K600 VCQK600-PB,NVIDIA,,1,,GDDR6,,3,600
324,10781.51,Gainward,NED4080019T2-1030P,NVIDIA,,16,4,GDDR6,,12,2930
325,3095.73,Asus,PH-GTX1650-O4GD6-P,NVIDIA,896,0,12,GDDR6,300,12,1227
326,2649.9,Gainward,GeForce RTX™ 3060 Ghost (NE63060019K9-190AU),NVIDIA,,12,15,GDDR6,,12,2000
327,267.0,,,NVIDIA,,,,GDDR6,,12,316
328,12919.92,Palit,Ned4080019t2-1030g,NVIDIA,,4080,,GDDR6,850,12,1000
329,6897.23,PNY,RTX 3060 REVEL EPIC-X RGB 12GB GDDR6 192 BITS SINGLE-FAN,NVIDIA,3584,12,15,GDDR6,,3,730
330,263.99,Nvidia,Geforce Series,NVIDIA,,64,,GDDR6,,3,400
331,549.78,DEX,R7 240 PV-04A,AMD,,2,,GDDR6,,3,600
332,1335.5,pcyes,,NVIDIA,,1650,,GDDR6,10,12,790
333,246.51,Afox,AFR5220-2048D3L5-V2,AMD,522011,2,,GDDR6,,3,608
334,238.54,: Afox,: GeForce GT 210,NVIDIA,,210,,GDDR6,,12,800
335,229.98,,F6102048D3L7-V6,,,2,,GDDR6,,3,400
336,10517.18,Galax,38NWM3MD3BJJ,NVIDIA,8704,19,19,GDDR6,,12,5000
337,2200.0,PCYES,PA1660TI6GR6FS,NVIDIA,,6,,GDDR6,,3,1140
338,708.7,Gainward,GAINWARD,NVIDIA,,2,,GDDR5,,3,1000
339,1455.92,Galax,PCI-EX GTX 1050TI OC,NVIDIA,,4,,GDDR5,300,12,300
340,3278.41,NVIDIA,RTX 3050 1-Click Oc,NVIDIA,,8,,GDDR6,,12,1800
341,2928.51,Gainward,RTX 3050 (NE63050019P1-190AB),NVIDIA,,8,14,GDDR6,,3,1200
342,2789.0,PALIT,GEFORCE RTX 3060 DUAL,NVIDIA,,12,15,GDDR6,550,3,1000
343,799.9,PCYes,PJRX550DR5128B,AMD,,4,,GDDR5,,12,200
344,8362.91,Galax,47iom7md6msg,NVIDIA,,12,,GDDR6,11,12,2610
345,1811.88,Pcyes,GTX 1050 TI - Graffiti Series,NVIDIA,,4,,GDDR5,,12,620
346,20742.42,Pny,Vcnrtxa5500-porpb,NVIDIA,,24,,GDDR6,,12,1300
347,1964.2,Gainward,GeForce GTX 1660 Ti,NVIDIA,,6,12,GDDR6,,3,900
348,409.99,Nvidia,geforce series,NVIDIA,,64,,GDDR6,,3,400
349,3587.34,Gainward,Ghost Ne6306t019p2-190ab,NVIDIA,,8,,Gddr6,550,24,1700
350,299.99,AFOX,AF610-2048D3L5,NVIDIA,,2,,Gddr6,,3,856
351,649.8,Pcyes,PCYES GT 740 CUDA,NVIDIA,384993,384,,GDDR5,,12,600
352,3330.9,: MSI,: VG-MSI RTX3050 VEN,NVIDIA,,14,14,GDDR6,550,12,1100
353,2636.28,Pcyes,PA1050TIGTX4DR5,NVIDIA,,4,7,GDDR5,2,3,1040
354,3421.6,Pny,Vcnt10008gb-pb,NVIDIA,,8,8,GDDR6,12,12,660
355,264.3,,,NVIDIA,,,,GDDR6,,,450
356,2401.21,Gigabyte,GeForce GTX 1660Part,NVIDIA,,6,,GDDR5,,12,860
357,15096.0,Palit,,NVIDIA,,21,21,Gddr6,1200,12,3000
358,234.9,Goline,GL-GT210-1D2,NVIDIA,,1,,Gddr6,,3,430
359,3599.1,Radeon,AXRX580 8GBD5-3DH/OC,AMD,,8,0,GDDR5,,3,1710
360,7521.21,,,NVIDIA,,,,GDDR5,,,2400
361,6487.35,Colorful,rtx 4070 ti advanced,,,,,GDDR5,700,24,2200
362,1079.1,Asus,GT1030-SL-2G-BRK,NVIDIA,,2,,GDDR5,,3,1200
363,1402.44,Gainward,NE6165001BG1-1175D,NVIDIA,,6165001,12,GDDR6,,12,1500
364,1243.43,Colorful,GeForce® RTX 1050 Ti,NVIDIA,768,4,,GDDR5,,12,1200
365,345.75,,Mca-u000r-gsbtg-00,,,,,GDDR5,,3,230
366,899.9,Colorful,GT 1030,NVIDIA,,2,,GDDR4,,12,300
367,14799.85,,,NVIDIA,,,,GDDR4,,12,4020
368,232.9,AFOX,AFR5230-1024D3L9-V2,AMD,,1,,GDDR4,,3,352
369,2897.01,Zotac,ZT-A30620E-10P,NVIDIA,,8,19,GDDR6,8625630603060486486256166519401623650225281246201110641809201823191413415915616,12,1510
370,2187.9,Asus,GTX 1650 TUF | TUF-GTX1650-O4GD6-P-GAMING,NVIDIA,,4,12,GDDR6,300,3,1166
371,5998.0,,,NVIDIA,,,,GDDR6,,12,2131
372,1561.42,,,AMD,,,,GDDR6,,12,610
373,670.48,Thermaltake,Ac-045-cn1otn-c1,,,,,GDDR6,,12,350
374,2138.4,,,NVIDIA,,,,GDDR6,,3,900
375,9218.08,,,AMD,,24,,GDDR6,,3,2200
376,1688.23,Pny,-,NVIDIA,640,4,,GDDR6,,12,430
377,2398.87,Colorful,Rtx 3060 Mini oc Lhr,NVIDIA,,,,Gddr6,550,12,1500
378,8078.99,Colorful,Igame,NVIDIA,,12,,GDDR6,750,12,700
379,443.51,Colorful,GT730K 4GD3 V2-V,NVIDIA,,4,,GDDR3,300,12,1000
380,683.1,AFOX,GeForce GT1030,NVIDIA,,64,,GDDR5,,12,300
381,2240.59,Afox,Afrx580-8192d5h3-v2,AMD,,,,GDDR5,,12,649
382,597.4,PCWINMAX,,,,2,,GDDR5,,3,1000
383,227.95,PCYES,Pj220r364,AMD,,1,,GDDR3,,12,320
384,1227.08,PowerColor,2GBD5-DH,AMD,,2,0,GDDR5,,90,596
385,1889.0,Duex,DX GTX1060-3GD5,NVIDIA,,3,,GDDR5,,3,2000
386,1248.9,Palit,NE6165001BG1-1175A,NVIDIA,,6165001,12,GDDR6,350,3,1350
387,5665.92,Galax,GEFORCE RTX 3080 10GB,NVIDIA,272,10,19,GDDR6,22,3,1100
388,649.9,Afox,GT-730,NVIDIA,,4,,GDDR6,,3,1000
389,579.0,Afox - Modelo: AF730-4096D3L2 Especificações: Mecanismo Gráfico: - NVIDIA Geforce GT730 - Clock base 700MHz - RAMDAC 400MHz Barramento: - PCI Express 2.0 padrão - Suporte de perfil baixo incluído (1 slots x2) Memória: - Tipo: DDR3 - Capacidade: 4GB - Clock (efetivo) 900 (1800) MHz - Interface: 128 bits Resolução Máxima: - D-Sub 2048 x 1536 - DVI 2560 x 1600 Saídas: - 1x DVI - 1x VGA - 1x HDMI Conteúdo da Embalagem: - Placa de Vídeo Afox GT 730 - Manual de Instalação - 2 suportes para Low Profile,AF730-4096D3L2 Especificações: Mecanismo Gráfico: - NVIDIA Geforce GT730 - Clock base 700MHz - RAMDAC 400MHz Barramento: - PCI Express 2.0 padrão - Suporte de perfil baixo incluído (1 slots x2) Memória: - Tipo: DDR3 - Capacidade: 4GB - Clock (efetivo) 900 (1800) MHz - Interface: 128 bits Resolução Máxima: - D-Sub 2048 x 1536 - DVI 2560 x 1600 Saídas: - 1x DVI - 1x VGA - 1x HDMI Conteúdo da Embalagem: - Placa de Vídeo Afox GT 730 - Manual de Instalação - 2 suportes para Low Profile,NVIDIA,,4,,GDDR6,,3,650
390,2699.1,ASUS,Gtx 1650,NVIDIA,,1650,12,GDDR6,300,3,1133
391,1214.9,,,NVIDIA,384263210946480303016,2,,GDDR6,,3,460
392,3699.0,PNY,VCNRTXA2000-PB,NVIDIA,,6,,GDDR6,1321,12,1321
393,4110.39,Galax,37NSL6MD2KCH,NVIDIA,,14,14,GDDR6,650,12,1980
394,1869.15,Gainward,NE6166S018J9-161F,NVIDIA,,6,14,GDDR6,,12,1667
395,792.57,PCYES,PJGT1030DR5,NVIDIA,512,2,,GDDR5,,12,350
396,225.25,PCYES,-,AMD,,1,,GDDR3,,12,280
397,1277.9,Afox,AFRX560-4096D5H4-V2,AMD,,4,6000,GDDR5,,3,500
398,15299.1,Galax,38IOM5MD99DD,NVIDIA,10240,12,19,GDDR6,,3,2500
399,1699.8,,,NVIDIA,,,,GDDR6,,12,4000
400,997.02,Galax,63NQL4HP66EX,NVIDIA,,96,12,GDDR6,64,12,760
401,699.99,Colorful,Colorful GT1030 2G V4-V,NVIDIA,,2,,GDDR6,,12,1000
402,3999.0,Galax,EX (1-Click OC),NVIDIA,1128,8,14,GDDR6,600,12,2500
403,849.68,PCYES,Nvidia,NVIDIA,,2,,GDDR5,,12,600
404,1604.68,,,NVIDIA,,,,GDDR5,,36,1260
405,5580.35,,,NVIDIA,2176,12,14,GDDR6,500,12,1650
406,976.79,Colorful,GEFORCE GTX 1630,NVIDIA,,4,,GDDR6,400,12,660
407,1881.32,Msi,-,,,4,,GDDR5,,12,740
408,1229.0,Msi,geforce gtx 1650 d6 ventus xs oc,,,4,,GDDR5,,12,660
409,233.1,AFOX,,AMD,,1,,GDDR5,,12,1000
410,225.16,Afox,,NVIDIA,,1,,GDDR5,,3,1000
411,1243.43,Colorful,GeForce® RTX 1050 Ti Coloful Series,NVIDIA,768,4,,GDDR5,,12,1000
412,2416.87,Gainward,Ne63060019k9-190ae,NVIDIA,,12,14,GDDR6,,3,1300
413,223.24,AFOX,,AMD,,1,,GDDR6,,3,709
414,299.99,AFOX,R5 220,AMD,,64,,GDDR6,,12,984
415,1975.34,GALAX,Geforce gtx 1660 super (1-click oc),NVIDIA,,6,14,GDDR6,8,12,946
416,204.25,Pcyes,Pakg2101gbdr3sf,NVIDIA,,1,,GDDR6,,12,300
417,4262.91,Asus,TUF-RX6700XT-O12G-GAMING,AMD,2560,12,,GDDR6,322152581268598228650,3,
418,5865.0,Asus,RTX 3060,NVIDIA,,12,15,GDDR6,650,3,
419,2398.87,,Gtx 1660 ti nb V2v,NVIDIA,,,,Gddr6,450,12,1000
420,2599.0,Gigabyte,GV-N166SOC-6GD,NVIDIA,,6,,GDDR6,1660183017851408661923363016768043206041246314120450182256512202405,12,1000
421,650.0,-,BS-NVG2070-PA,,,,,GDDR6,,12,1700
422,1199.0,Barrow,BS-GIX3090-PA2,,,,,GDDR6,,3,1700
423,1909.8,Asus,Rx6500 Xt,AMD,,4,,GDDR6,500,12,
424,1150.0,Barrow,BS-ASS3070-PA,,,,,GDDR6,,12,1700
425,2299.0,,,NVIDIA,,,,GDDR6,,12,605
426,899.8,Knup,,NVIDIA,,2,,GDDR5,200,3,650
427,1185.04,,,NVIDIA,,,,GDDR5,,3,700
428,11553.51,Colorful,rtx 4090 nb ex-v,NVIDIA,,,,GDDR5,850,24,1860
429,5474.52,Pny,Quadro Rtx A2000,NVIDIA,3328,6,,GDDR6,,12,800
430,8809.99,,,NVIDIA,,,,GDDR6,,3,2000
431,6816.49,Colorful,RTX 4070 Ti NB EX-V,NVIDIA,,12,21,GDDR6,750,24,2000
432,1510.92,,,NVIDIA,,,,GDDR6,,3,800
433,17431.73,,,NVIDIA,,,,GDDR6,,12,3000
434,2203.41,,,NVIDIA,,,,GDDR6,,12,700
435,5643.71,,,NVIDIA,,,,GDDR6,,3,1100
436,2612.11,,,NVIDIA,,,,GDDR6,,,1000
437,7420.73,Gainward,Nvidia Rtx 4070 Ti,NVIDIA,,12,,GDDR6,,3,2400
438,11017.77,Gainward,Ned4080s19t2-1030p,NVIDIA,,16,,GDDR6,,12,2930
439,2159.01,XFX,RX-66XL8LFDQ,AMD,,14,14,GDDR6,650,3,2500
440,1164.76,PcYes,PVGTX1050TI4GBR5128,NVIDIA,,4,,GDDR5,16450,12,670
441,14167.98,Zotac,ZT-D40900J-10P,NVIDIA,,24,21,GDDR6,,12,2950
442,3099.27,,,NVIDIA,,12,,GDDR6,550,12,2000
443,13145.35,,,NVIDIA,,,,GDDR6,,12,2000
444,6744.9,,,,,,,GDDR6,,12,2000
445,14856.53,,,NVIDIA,,8,,Gddr6,,12,3000
446,12790.71,Pny,Vcnrtxa4500-pb,NVIDIA,7168,3,20,Gddr6,12,12,2000
447,3944.38,NVIDIA,36ISM6MD1GSP,NVIDIA,,19,19,GDDR6,,12,1600
448,7062.21,Gainward,Nvidia Rtx 4070 Ti,NVIDIA,,12,,GDDR6,,3,2370
449,1832.38,NEOLOGIC,GTX16 series,NVIDIA,1408,14,14,GDDR6,,3,1860
450,8625.9,,,,,,,GDDR6,,12,2500
451,2655.75,,,NVIDIA,,12,,GDDR6,,12,1000
452,4999.0,MSI,RTX 4070 ventus,NVIDIA,,12,,GDDR6,200,3,4000
453,255.99,Afox,AF210-1024D2LG2,NVIDIA,,1,,GDDR6,,3,500
454,279.9,,,,,,,GDDR6,,3,500
455,13599.0,msi,912-v509-008,NVIDIA,,,,GDDR6,10752309019201630246384214121314768043204508501246,3,1200
456,899.99,Pcwinmax,GTX 750TI 2GB,NVIDIA,,2,,GDDR6,450,6,200
457,699.8,Knup,,NVIDIA,,2,,GDDR5,250,3,650
458,799.0,,,NVIDIA,,,,GDDR5,,,580
459,298.35,Pcyes,-,,,,,GDDR5,,12,400
460,973.57,afox,af750-4096d5l4v2,,,4,,GDDR5,,3,600
461,30505.69,,,NVIDIA,,,,GDDR5,,0,1530
462,288.2,,,,,,,GDDR5,,,600
463,376.92,,,AMD,,,,GDDR5,,3,600
464,2914.92,,,,,,,GDDR5,,3,850
465,8604.72,Palit,Geforce Rtx™ 4070 Ti Gamingpro Oc,NVIDIA,,192,21,Gddr6,750,12,3000
466,3124.01,Gainward,Ne63060019p1-190ae,NVIDIA,,8,,Gddr6,,3,1100
467,5998.0,,,,,,,Gddr6,,3,2531
468,5458.17,,,NVIDIA,,,,Gddr6,,3,1100
469,2244.9,,,NVIDIA,,,,Gddr6,,,970
470,5998.0,,,,,,,Gddr6,,12,2531
471,11153.01,Pny,,NVIDIA,,16,,GDDR6,,12,2780
472,1832.38,Neologic,GTX16 Series,NVIDIA,,12,12,GDDR6,,3,1860
473,3199.86,galax,36ism6md2kcv (geforce rtx 3060ti 8gb),NVIDIA,,8,,GDDR6,10,12,1400
474,10490.98,,,NVIDIA,,,36,GDDR6,,3,1300
475,6744.9,Msi,Ventus 2X RTX 4070,NVIDIA,5888,21,21,Gddr6,650,12,2000
476,1341.9,Palit,NE6163001BG6-1175D,NVIDIA,,6163001,12,GDDR6,,3,664
477,999.8,Knup,,NVIDIA,,2,,GDDR5,250,3,650
478,1199.8,Dex,PV-07,NVIDIA,,2,,GDDR5,,3,600
479,10000.0,AMD,,AMD,,8,,GDDR5,,3,1000
480,1199.8,Dex,PV-07,NVIDIA,,2,,GDDR5,,3,600
481,5799.0,XFX,,AMD,,16,16,GDDR6,750,3,2000
482,549.8,Knup,GeForce GT730/BB,NVIDIA,,2,,GDDR6,,3,350
483,999.8,Knup,,NVIDIA,,2,,GDDR5,250,3,650
484,12919.92,gigabyte,gv-n4080eagle-oc-16gd-g10,NVIDIA,,16,,GDDR5,,12,2960
485,12919.92,Palit,Ned4080019t2-1030g,NVIDIA,,4080,,GDDR6,850,12,1000
486,5698.92,Asus,,AMD,,12,,GDDR6,650,3,
487,1329.83,,,NVIDIA,,,,GDDR6,,12,600
488,3686.08,Galax,36ISL6MD1VDD,,,8,,GDDR6,366130601665166511680114000862564016768043206042561315415124623550183141213060,3,1600
489,764.59,,,,,,,GDDR6,,,300
490,3579.07,ZOTAC,Gtx 1660 Mini,NVIDIA,,6,8,GDDR5,450,12,1110
491,2713.36,,,NVIDIA,,,,GDDR5,,0,1100
492,8887.11,Colorful,rtx 4080 16gb advanced,,,16,,GDDR5,750,24,2420
493,5066.63,,,NVIDIA,,,,GDDR5,,3,1500
494,832.99,Afox,Afrx550-4096d5h4-v6,AMD,,4,,GDDR5,,3,1200
495,828.2,DUEX,RADEON RX550,AMD,,128,,GDDR5,,12,468
496,12270.51,Zotac,ZT-D40900J-10P,NVIDIA,,24,21,GDDR6,2463844090409016384246384253521401623100045011212463035111064201835611501714145928,12,2940
497,5369.9,,,NVIDIA,,,,GDDR6,,3,114
498,286.99,,,NVIDIA,,,,GDDR6,,3,400
499,8302.8,Palit,Geforce Rtx™ 4070 Ti Gamingpro,NVIDIA,,192,21,GDDR6,750,12,2000
500,8035.26,,,AMD,,,,GDDR6,,3,2200
501,3368.68,,,AMD,,,,GDDR6,,12,610
502,1291.43,PNY,VCG16504D6DFPPB,,896,4,12,GDDR6,,9,651
503,6981.78,Msi,geforce rtx 4070 ti ventus 3x 12g oc912-v513-00,NVIDIA,,12,,GDDR6,412619231412116175032213663124647680432051275449620,3,1730
504,10804.07,Zotac,Zt-d40810d-10p,,,16,10,GDDR6,,12,2930
505,3499.9,,,NVIDIA,,,,GDDR6,,,1300
506,2266.97,,,NVIDIA,,,,GDDR6,,,810
507,7239.4,pny,Nvidia Rtx 4070 Ti,NVIDIA,,12,,GDDR6,,3,2000
508,5345.03,Asus,,NVIDIA,,6,14,GDDR6,450,3,
509,599.0,Palit,NEC103000646-1082F,NVIDIA,,2,,GDDR6,,3,228
510,386.91,Afox,AF730-2048D3L4-V1,NVIDIA,,128,,GDDR6,,3,1500
511,889.0,,,NVIDIA,384,2,,GDDR6,300,0,770
512,1378.91,Asus,TUF-GTX1650-O4GD6-P-GAMING,NVIDIA,,4,12,GDDR6,300,12,2092
513,838.88,,,NVIDIA,,,,GDDR6,,90,399
514,3783.07,Asus,PH-GTX1660S-O6G,NVIDIA,,6,,GDDR6,450,12,1592
515,1194.9,Galax,65SQL8DS93E1,NVIDIA,896,12,12,GDDR6,8,12,800
516,5039.1,Asus,Geforce RTX 3060 OC Edition,NVIDIA,,12,15,GDDR6,650,3,1500
517,5109.47,Asus,Dual-rtx2060-o6g-evo,NVIDIA,1920,6,,GDDR6,500,12,4494
518,911.91,Pcyes,Radeon Rx550,AMD,,128,,Gddr5,,12,1000
519,3060.0,PowerColor,AXRX 550 4GBD5-DHA/OC,AMD,,4,0,GDDR5,,12,1500
520,5399.1,Asus,RTX 3060 TUF Gaming,NVIDIA,,12,15,GDDR6,600,3,1700
521,8549.1,Palit,NE63060T19K9-190AD,NVIDIA,,12,,GDDR6,550,3,2000
522,899.99,POWER COLOR,Radeon RX550,AMD,,2,0,GDDR6,400,3,9000
523,4100.0,"Gigabyte • Modelo: GV-N2060D6-6GD Informações Adicionais: • Largura de banda da memória (GB / s): 3 36 GB / s • Resolução máx. digital: 7680x4320 @ 60Hz • Multi-view: 4? • Tamanho do cartão: L = 225,65 W = 122,02 H = 40,5 mm • Formulário PCB: ATX • DirectX: 1?2 • OpenGL: 4?.6 • Requisito de energia: 500W • Conectores de energia: 8 pinos * 1 Interface: • PCI-E 3.0 x 16 GPU: • Chipset: GeForce RTX 2060 • Core Clock: 1680MHz • RTX-OPS: 3?6 • Cuda Cores: 1?920 Memória: • Clock de Memória: 14000 MHz • Tamanho da Memória: 6 GB • Tipo de Memória: GDDR6 • Barramento de Memória: 192 bit Output: • DisplayPort 1.4 x3 • HDMI 2.0b x1 Conteudo da Caixa: • Placa de Vídeo Gigabyte NVIDIA GeForce RTX 2060 D6 6G • Guia rápido • CD de driver","GV-N2060D6-6GD Informações Adicionais: • Largura de banda da memória (GB / s): 3 36 GB / s • Resolução máx. digital: 7680x4320 @ 60Hz • Multi-view: 4? • Tamanho do cartão: L = 225,65 W = 122,02 H = 40,5 mm • Formulário PCB: ATX • DirectX: 1?2 • OpenGL: 4?.6 • Requisito de energia: 500W • Conectores de energia: 8 pinos * 1 Interface: • PCI-E 3.0 x 16 GPU: • Chipset: GeForce RTX 2060 • Core Clock: 1680MHz • RTX-OPS: 3?6 • Cuda Cores: 1?920 Memória: • Clock de Memória: 14000 MHz • Tamanho da Memória: 6 GB • Tipo de Memória: GDDR6 • Barramento de Memória: 192 bit Output: • DisplayPort 1.4 x3 • HDMI 2.0b x1 Conteudo da Caixa: • Placa de Vídeo Gigabyte NVIDIA GeForce RTX 2060 D6 6G • Guia rápido • CD de driver",NVIDIA,19201400066192143201206066,36,,GDDR6,,3,700
524,284.9,Goldentec,GT-210,NVIDIA,,1,,GDDR6,,12,300
525,87.54,Akasa,AK-RLD-02,,,,,GDDR6,,3,200
526,849.15,,rx 550,AMD,,,,GDDR5,,3,495
527,1539.89,Afox,AFRX550-4096D5H4-V5,AMD,,4,,GDDR5,,12,500
528,848.3,afox,AF750TI-2048D5H5-V8,NVIDIA,,128,,GDDR5,,12,445
529,744.91,PowerColor,AXRX 550 4GBD5-HLE,AMD,,4,0,GDDR5,,3,480
530,427.9,,,NVIDIA,,4,,GDDR5,,3,750
531,1259.0,Duex,DX GTX750TI-2GD5,NVIDIA,,5,,GDDR5,,3,400
532,2499.9,Gigabyte,PJGF1050TI4GB,NVIDIA,,4,,GDDR5,,12,800
533,561.46,,,NVIDIA,48128,2,,GDDR5,,,350
534,2719.15,Xfx,RX66XT8DFDQ,AMD,,8,16,GDDR6,,3,1100
535,3599.0,PNY,VCNRTXA2000-PB,NVIDIA,,6,,GDDR6,2000,36,21000
536,4181.9,,,NVIDIA,,6,,GDDR6,500,3,2000
537,911.88,,PJ7R240DR5,,3201150780540964900128,4,,GDDR5,,3,640
538,1199.0,-,BS-MSG3090M-PA,,,,,GDDR5,,3,1700
539,16808.79,Asus,DUAL-RTX3050-O8G,NVIDIA,,8,14,GDDR6,550,,898
540,1399.8,PCYES,GEFORCE GTX 1050 TI - GRAFFITI SERIES,NVIDIA,,4,,GDDR5,,12,930
541,,PNY,VCG3070T8TFBPB1,NVIDIA,6144,8,19,GDDR6,,36,1540
542,,PowerColor,AXRX 580 8GBD5-DHD/OC,AMD,2304,8,0,GDDR5,,12,900
543,,PCYes,PA210G6401D3LP,NVIDIA,21816,1,,GDDR5,,12,290
544,,Galax,73GQS4HX00WG,NVIDIA,44207813264123,2,64,GDDR5,83003002473264,36,470
545,,: Asus,: GeForce GTX 1660 SUPER™ (TUF-GTX1660S-O6G-GAMING),NVIDIA,,6,,GDDR6,166016606306619211201147680432014002461408345018123184518151530814918206124461650,12,1200
546,,ASUS,TUF-RTX3070TI-O8G-V2-GAMING,NVIDIA,6144,8,19,GDDR6,750,12,2010
547,,Asus,TUF-GTX1660S-O6G-GAM,NVIDIA,1408,6,,GDDR6,450,12,
548,,Galax,RTX 4070 EX Gamer,NVIDIA,5888,12,21,GDDR6,,36,2320
549,,PCYes,PJ7R240DR5,AMD,320,4,,GDDR5,,24,563
550,,Powercolor,16BD6-3DH/OC,AMD,,16,0,GDDR6,,12,1967
551,,ASUS,NVIDIA TUF Gaming GeForce Edition,NVIDIA,16384,24,21,GDDR6,850,12,
552,,Cooler Master,MCA-U000R-GSBTG-00,,,,,GDDR6,,24,210
553,,Asus,DUAL-RTX3050-O8G,NVIDIA,,8,14,GDDR6,550,24,1000
554,,ASUS,RTX 4070 Ti Rog Strix Gaming,NVIDIA,,12,,GDDR6,750,36,2640
555,,Gigabyte,GV-N307TGAMING OC-8GD,NVIDIA,6144,8,,GDDR6,750,12,1690
556,,Asus • Modelo: ROG-STRIX-RTX3070-O8G-GAMING Apresentação: • GPU: NVIDIA® GeForce RTX™ 3070 • Barramento: PCI Express 4.0 • Memória de vídeo: 8 GB • Tipo de memória: GDDR6 • Clock: Modo OC: 1935 MHz (Boost Clock) • Modo Gaming: 1905 MHz (Boost Clock) • Núcleos CUDA: 5888 • Velocidade de memória: 14 Gbps • Interface de Memória: 256 bit • Resolução máxima: 7680x4320 • Suporte HDCP: Sim (2.3) • Suporte máximo de exibição: 4 • OpenGL: 4.6 • Conectores: 2 x 8 pinos Entradas: • 3 x DisplayPort 1.4a • 2 x HDMI 2.1 Conteúdo da caixa: • 01 x 3070 Asus,ROG-STRIX-RTX3070-O8G-GAMING Apresentação: • GPU: NVIDIA® GeForce RTX™ 3070 • Barramento: PCI Express 4.0 • Memória de vídeo: 8 GB • Tipo de memória: GDDR6 • Clock: Modo OC: 1935 MHz (Boost Clock) • Modo Gaming: 1905 MHz (Boost Clock) • Núcleos CUDA: 5888 • Velocidade de memória: 14 Gbps • Interface de Memória: 256 bit • Resolução máxima: 7680x4320 • Suporte HDCP: Sim (2.3) • Suporte máximo de exibição: 4 • OpenGL: 4.6 • Conectores: 2 x 8 pinos Entradas: • 3 x DisplayPort 1.4a • 2 x HDMI 2.1 Conteúdo da caixa: • 01 x 3070 Asus,NVIDIA,,8,14,GDDR6,,12,1000
557,,Galax,GT 730 4GB DDR3,NVIDIA,384,4,,GDDR6,,12,1000
558,,Gigabyte,GV-R65XTGAMING OC-4GD,AMD,1024,4,,GDDR6,400,12,1611
559,,Gigabyte,GV-N3050EAGLE-8GD,NVIDIA,2560,8,,GDDR6,450,12,1021
560,,XFX,RX-675XYTBDP MERC319 BLACK,AMD,2560,12,18,GDDR6,750,12,2258
561,,AFOX,GT730 - AF730-4096D3L6,NVIDIA,,4,,GDDR6,,3,620
562,,PNY,VCG408016TFXXPB1-O,NVIDIA,9728,16,,GDDR6,750,36,2450
563,,DUEX,GT730LP-2GD3-A,NVIDIA,,,,GDDR6,,3,300
564,,MSI,3060 VENTUS 3X 12G OC,NVIDIA,3584,12,15,GDDR6,550,36,1403
565,,Duex,GT740LP-2GD3,NVIDIA,,2,,GDDR6,,12,360
566,,,,,,,,GDDR6,,12,2000
567,,Galax,47IOM7MD7AEG,NVIDIA,7680,12,21,GDDR6,,36,2300
568,,Asus,90YV0II1-M0NA00,NVIDIA,443,12,21,GDDR6,750,12,
569,,Zotac,ZT-T16620F-10L,NVIDIA,1408,6,14,GDDR6,450,12,750
570,,,,NVIDIA,588817251174011486256448401064642102314121254142542381285413070,5888,14,GDDR6,,3,1500
571,,Duex,GeForce GT730,NVIDIA,,128,,GDDR6,,3,1062
572,,"Asus Especificações: - Barramento PCI Express 4.0 - OpenGL OpenGL®4.6 - Memória 8 GB - Tipo de memória GDDR6 - Núcleos CUDA 5888 - Velocidade da memória 14 Gbps - Interface de memória 256 bits - Resolução máxima digital 7680x4320 - Entradas 2 x HDMI 2.1 3 x DisplayPort 1.4a - Suporte HDCP Sim - Suporte máximo de exibição 4 - Conectores 2 x 8 pinos - Dimensões 26,7 x 13,5 x 5,2 cm Conteúdo da Embalagem: - Placa De Vídeo Asus Geforce Rtx 3070 OC, 8GB, DDR6, Dual, 256-bit - Dual-RTX3070-O8G",,NVIDIA,,8,14,GDDR6,,3,2000
573,,Gigabyte,AMD RX 6900xt,AMD,,16,,GDDR6,850,12,2000
574,,PCYES,Paxrx580dr5df,AMD,2048,8,,GDDR5,,3,1200
575,,Asus,90YV0H90-M0NA00,,,4,16,GDDR6,500,36,950
576,,Power Color,RX7900XTX 20G,AMD,5376,20,20,GDDR6,,12,2068
577,,MSI,GeForce RTX 3060 GAMING X TRIO,NVIDIA,3584,12,15,GDDR6,550,36,2307
578,,Asus,90YV0ID3-M0NA00,NVIDIA,443,24,21,GDDR6,1000,12,
579,,Asus,DUAL-RX6500XT-O4G,AMD,1024,4,18,GDDR6,500,12,890
580,,,,NVIDIA,192954264383384021602048153611119300365,192,,GDDR6,,,672
581,,Afox,AF1050TI-4096D5H5,NVIDIA,,,7,GDDR5,,3,900
582,,ASRock,Intel Arc A750 Challenger D 8G OC,,,8,16,GDDR6,650,12,1122
583,,Asus,RTX 3090 Ti,NVIDIA,,24,21,GDDR6,1000,12,
584,,Galax,30NPH4HVQ5EW,NVIDIA,,2,,GDDR5,,12,306
585,,Gigabyte,GV-N1660OC-6GD,NVIDIA,1408,6,,GDDR5,,12,1021
586,,Afox,AF210-1024D3L5-V2,NVIDIA,,210,,GDDR3,,12,320
587,,Rise,RM-SV-04-BW,,,,,GDDR3,,3,207
588,,XFX,RX-66XT8DFDQ,AMD,,8,16,GDDR6,750,12,1612
589,,DUEX,GeForce GT610,NVIDIA,,64,,GDDR6,,12,966
590,,MSI,GeForce RTX 3060,NVIDIA,3584,15,15,GDDR6,550,3,3000
591,,Palit,NED308T019KB-132AA,NVIDIA,,12,,GDDR6,,3,2000
592,,ASUS,TUF-RTX3070-O8G-V2-GAMING,NVIDIA,5888,8,14,GDDR6,750,12,
593,,Asus,Rtx 3090 Ti,NVIDIA,,24,21,GDDR6,1000,12,
594,,Colorful,Rtx 3060 Bilibili E-sports Edition,NVIDIA,,3060,,GDDR6,550,12,2000
595,,Gigabyte,GV-R65XTGAMING OC-4G,AMD,,4,,GDDR6,500,12,2000
596,,Colorful,Rtx 3070 Bilibili E-sports Edition Lhr,NVIDIA,,3070,,Gddr6,650,12,2000
597,,Asus,TUF-RTX3070TI-O8G-GAMING,NVIDIA,,8,14,GDDR6,750,3,2134
598,,Palit,Ned308t019kb,NVIDIA,10240,12,19,GDDR6,850,3,2370
599,,,,NVIDIA,192,64,,GDDR6,,12,318
600,,EVGA,12G-P5-3655-KR,NVIDIA,3584,12,,GDDR6,,12,1667
601,,Afox,AFR5220-2048D3L9-V2,AMD,,2,,GDDR3,,3,9000
602,,ASUS,Geforce Rtx 3090,NVIDIA,,24,5,GDDR6,850,3,
603,,AFOX,58408,NVIDIA,896,4,12,GDDR6,,12,400
604,,Galax,38NOM5MD99SS,NVIDIA,8960,12,19,GDDR6,750,12,2030
605,,AFOX,AF1050TI-4096D5H5,,768,,,GDDR5,300,12,400
606,,Sapphire,11314-01-20G,AMD,1024,8,,GDDR6,400,12,710
607,,Asus,DUAL-RX6600-8G,AMD,,8,14,GDDR6,,24,1200
608,,PCWINMAX,,,,4,,GDDR4,,12,1000
609,,MSI,GeForce RTX 2060 VENTUS GP OC,NVIDIA,1920,6,14,GDDR6,500,36,1290
610,,Galax,38NOM5MD99SS,NVIDIA,280,12,19,GDDR6,750,3,2300
611,,MSI,RTX 3060 Gaming X,NVIDIA,3584,12,15,GDDR6,550,36,1711
612,,PCWINMAX,Rx580-8gd5,AMD,,8,,GDDR5,,12,1000
613,,Evga,08G-P5-3767-KL,NVIDIA,5888,48,,GDDR6,,12,1920
614,,Zotac,ZT-A30710D-10P,NVIDIA,6144,8,19,GDDR6,750,12,2538
615,,Galax,49NXM5MD6DDR,NVIDIA,16384,24,21,GDDR6,,12,4240
616,,Asus,TUF-RTX3080-O10G-V2-GAMING,NVIDIA,8704,10,19,GDDR6,850,12,
617,,Colorful,Rtx 3080 Vulcan oc 10g Lhr-v,NVIDIA,,320,,GDDR6,750,12,3080
618,,Palit,,,,,,GDDR6,1200,12,3000
619,,Asus,GeForce RTX 3060 TIPartNumber: KO-RTX3060TI-O8G-V2-GAMING,NVIDIA,,8,14,GDDR6,,3,1830
620,,EVGA,08G-P5-3667-KL,NVIDIA,4864,48,,GDDR6,,12,4376
621,,,Rtx 3070 ti Advanced oc 8g-v,NVIDIA,,256,,Gddr6,750,12,2360
622,,XFX,RX-67XTYPBDP,AMD,2560,12,16,GDDR6,650,24,2206
623,,Rise,RM-SVGA-01-BLACK,,,,,GDDR6,,3,188
624,,PCWINMAX,,AMD,,4,,GDDR5,,12,1000
625,,Asus,NVIDIA GeForce GT 730 Chipset,NVIDIA,,2,,GDDR5,,12,400
626,,Zotac,ZT-A30700E-10PLHR,NVIDIA,5888,8,14,GDDR6,650,12,1735
627,,Gigabyte,GV-N3050EAGLE OC-8GD,NVIDIA,2560,8,,GDDR6,450,36,810
628,,Dex,GTX 550 TI,NVIDIA,,1,,GDDR6,,3,700
629,,Afox,AFR5220-2048D3L9-V2,AMD,,2,,GDDR6,,12,500
630,,Power Color,AXRX 6600 8GBD6-3DH,AMD,,8,0,GDDR6,,12,810
631,,Zotac,ZT-T20600H-10M,NVIDIA,1920,6,14,GDDR6,500,12,1070
632,,Pny,VCG16504D6DFPPB,NVIDIA,896,4,,GDDR6,10,36,650
633,,Zotac,ZT-T16520J-10L,NVIDIA,896,4,12,GDDR6,350,12,760
634,,ASRock,RX6800XT PGD 16GO,AMD,4608,16,0,GDDR6,750,12,2554
635,,Gigabyte,GV-N1656OC-4GD,NVIDIA,,4,,GDDR6,,3,800
636,,Gigabyte,GV-R67XTGAMING OC-12GD,AMD,2560,12,,GDDR6,650,12,1726
637,,MSI,Ventus 3X 24G OC,NVIDIA,302,24,,GDDR6,,12,1910
638,,Gigabyte,GV-N306TGAMING OC-8GD,NVIDIA,4864,8,,GDDR6,600,12,1534
639,,Sapphire,21308-02-10G,AMD,5120,8,18,GDDR6,750,12,9401
640,,Gigabyte,GV-N3060EAGLE-12GD,NVIDIA,3584,12,,GDDR6,550,36,970
641,,Colorful,Rtx 3060 ti Advanced Lhr-v,NVIDIA,,256,,GDDR6,600,12,2000
642,,Gigabyte,Rtx 3080,NVIDIA,,10,,GDDR6,,3,1000
643,,Zotac,ZT-T16600M-10M,NVIDIA,1408,6,8,GDDR5,450,12,1000
644,,Gigabyte,GV-N3090GAMING OC-24GD,NVIDIA,3090,24,,GDDR6,750,12,1900
645,,Gigabyte,GV-N308TVISION OC-12GD,NVIDIA,10240,12,,GDDR6,750,12,1850
646,,Asus,90YV0HH2M0NA00I,NVIDIA,,8,,GDDR6,,3,1600
647,,EVGA,06G-P4-2062-KR,NVIDIA,1920,36,,GDDR6,,36,920
648,,Pcyes,PJ1G5450R3,AMD,650,1,,GDDR3,2,12,1154
649,,MSI Modelo: GeForce RTX™ 3070 VENTUS 2X OC GPU: NVIDIA® GeForce RTX™ 3070 Interface PCI Express®: Gen 4 Núcleos: TBD Relógio do Núcleo: TBD Velocidade da Memória: TBD Tamanho da Memória: 8GB GDDR6 Barramento da Memória: 256-bit Saída de vídeo: DisplayPort x 3 (v1.4a) HDMI 2.1 x1 Suporte a HDCP Consumo de Energia: TBD Conectores de Energia: 2 x 8-pin Fonte recomendada: TBD Dimensões da Placa: TBD Suporte Versão DirectX: 12 API Suporte Versão OpenGL: 4.6 Número Máximo de monitores: 4 Pronto para VR: Sim Tecnologia G-SYNC®: Sim V-Sync Adaptativa: Sim Resolução Digital Máxima: 7680x4320,GeForce RTX™ 3070 VENTUS 2X OC GPU: NVIDIA® GeForce RTX™ 3070 Interface PCI Express®: Gen 4 Núcleos: TBD Relógio do Núcleo: TBD Velocidade da Memória: TBD Tamanho da Memória: 8GB GDDR6 Barramento da Memória: 256-bit Saída de vídeo: DisplayPort x 3 (v1.4a) HDMI 2.1 x1 Suporte a HDCP Consumo de Energia: TBD Conectores de Energia: 2 x 8-pin Fonte recomendada: TBD Dimensões da Placa: TBD Suporte Versão DirectX: 12 API Suporte Versão OpenGL: 4.6 Número Máximo de monitores: 4 Pronto para VR: Sim Tecnologia G-SYNC®: Sim V-Sync Adaptativa: Sim Resolução Digital Máxima: 7680x4320,NVIDIA,,8,,GDDR6,12,3,2500
650,,Gigabyte,GV-R56XTWF2OC-6GD,AMD,2304,6,,GDDR6,450,12,1021
651,,Pcyes,PAJRX550DR5DF,AMD,512,4,,GDDR5,350,12,690
652,,Gainward,NE63070019P2-1041X,NVIDIA,,8,14,GDDR6,,12,1540
653,,ASUS,ROG-STRIX-RTX3090-O24G-GAMING,NVIDIA,221,24,5,GDDR6,750,36,2445
654,,Gigabyte,GV-R69XTAORUS M-16GD,AMD,5120,16,,GDDR6,850,12,2210
655,,AFOX,Rx550-4gd5 Snake,AMD,,4,7,GDDR5,,12,400
656,,PowerColor,AXRX 580 8GBD5-DHDV2/OC,AMD,,8,0,GDDR5,500,12,500
657,,Gainward,NE63070019P2-1041X,NVIDIA,,8,14,GDDR6,,12,1590
658,,ASUS,TUF-RX6700XT-O12G-GAMING,AMD,2560,12,,GDDR6,650,12,
659,,Powercolor,AXRX 6500XT 4GBD6-DH/OC,AMD,1024,4,0,GDDR6,,12,832
660,,Gigabyte,GV-N3090IXEB-24GD,,,36,,GDDR6,550908088,12,5460
661,,Asus,90YV0G1A-M0NA00,NVIDIA,152,8,14,GDDR6,750,3,
662,,Gigabyte,GV-N2060D6-6GD,NVIDIA,1920,6,,GDDR6,,12,1021
663,,PNY,K600 VCQK600-PB,NVIDIA,,1,,GDDR6,,3,600
664,,Gigabyte,GV-N3050AORUS E-8GD,NVIDIA,2560,8,,GDDR6,450,36,1560
665,,COOLER MASTER,Mca-U000r-Kfvk01,,,,,GDDR6,,3,590
666,,Grizzly,TG-PCIE-40-16-30,,,,,GDDR6,,3,200
667,,PNY,VCG30708LDFMPB1,NVIDIA,5888,8,14,GDDR6,,36,1320
668,,PNY,,NVIDIA,640,4,,GDDR6,,3,1000
669,,Galax,47IOM7MD6MSG,NVIDIA,7680,12,21,GDDR6,53001628,12,2540
670,,Msi,GeForce RTX 2060 Ventus 6G OC,NVIDIA,1920,6,,GDDR6,500,36,1500
671,,,: GeForce RTX 3090 Phoenix,,,24,5,GDDR6,750,12,1700
672,,Galax,47IOM7MD7BGW,NVIDIA,7680,12,21,GDDR6,,36,2416
673,,: EVGA,: 12G-P5-3955-KR,NVIDIA,613080,12,,GDDR6,,3,2366
674,,PCYes,PJRX550DR5128B,AMD,512,4,,GDDR5,,12,630
675,,Asus,90YV0GP0-M0NA00,,1792,8,14,GDDR6,500,12,1120
676,,Zotac,ZT-A30600H-10M,NVIDIA,2320,12,15,GDDR6,60017081246201064200422411163392,3,900
677,,Gigabyte,GV-N166TOC-6GD,NVIDIA,1536,6,,GDDR6,450,12,1021
678,,Afox,AFR5220-2048D3L9-V2,AMD,,2,,GDDR3,,3,9000
679,,,,NVIDIA,,14,14,GDDR6,,3,3000
680,,Colorful,Rtx 3060 Advanced oc Lhr-v,NVIDIA,,12,,GDDR6,550,12,2000
681,,Gigabyte,GV-R65XTEAGLE-4GD,AMD,,4,,GDDR6,,12,2000
682,,Msi,,,,12,,GDDR6,700,12,3000
683,,Pny,Vcnt10008gb-pb,NVIDIA,,10008,8,GDDR6,,12,440
684,,Galax,39NSM5MD1GNA,NVIDIA,10496,5,5,GDDR6,10,3,5000
685,,Gigabyte Modelo: GV-N3050EAGLE-8GD Processamento Gráfico: GeForce RTX 3050 Clock principal: 1777MHz CUDA Cores: 2560 Clock de memória: 14.000 MHz Tamanho da memória: 8GB Tipo de memória: GDDR6 Barramento de Memória: 128 bits Largura de banda da memória (GB/s): 224 GB/s Barramento de cartão: PCI-E 4.0 Tamanho da placa: L =213 W = 120 H = 41 mm PCB Form: ATX DirectX: 12 OpenGL: 4.6 Principais Recursos: NVIDIA Ampere Streaming Multiprocessors 2ª geração RT Cores 3ª geração Tensor Cores Powered by GeForce RTX 3050 Integrado com 8 GB GDDR6 Interface de memória de 128 bits Sistema de resfriamento WINDFORCE 2X Fans blade exclusivas de 90 mm Placa traseira de proteção Exibição: Digital max resolution: 7680x4320 Multivisualização: 4 Energia: Fonte de alimentação recomendada: 500w Conectores de Energia: 8 pinos*1 Saída: 2x DisplayPort 1.4a 2x HDMI 2.1 Conteúdo da Embalagem: Placa de Vídeo Gigabyte NVIDIA GeForce RTX 3050 Eagle 8G,GV-N3050EAGLE-8GD Processamento Gráfico: GeForce RTX 3050 Clock principal: 1777MHz CUDA Cores: 2560 Clock de memória: 14.000 MHz Tamanho da memória: 8GB Tipo de memória: GDDR6 Barramento de Memória: 128 bits Largura de banda da memória (GB/s): 224 GB/s Barramento de cartão: PCI-E 4.0 Tamanho da placa: L =213 W = 120 H = 41 mm PCB Form: ATX DirectX: 12 OpenGL: 4.6 Principais Recursos: NVIDIA Ampere Streaming Multiprocessors 2ª geração RT Cores 3ª geração Tensor Cores Powered by GeForce RTX 3050 Integrado com 8 GB GDDR6 Interface de memória de 128 bits Sistema de resfriamento WINDFORCE 2X Fans blade exclusivas de 90 mm Placa traseira de proteção Exibição: Digital max resolution: 7680x4320 Multivisualização: 4 Energia: Fonte de alimentação recomendada: 500w Conectores de Energia: 8 pinos*1 Saída: 2x DisplayPort 1.4a 2x HDMI 2.1 Conteúdo da Embalagem: Placa de Vídeo Gigabyte NVIDIA GeForce RTX 3050 Eagle 8G,NVIDIA,2560140008612822440213120411246233050861282907680432045008121422130508,8,,GDDR6,500,3,2000
686,,Asus,90YV0IE1-M0NA00,,16384,24,21,GDDR6,850,36,
687,,Palit,NED3090019SB-132BA,NVIDIA,,24,5,GDDR6,309001913224384613951695195104969361246402114376804320272941126035075082,24,1900
688,,PCYES,GEFORCE RTX 2060,NVIDIA,1920,6,,GDDR6,500,12,1400
689,,Gainward,Geforce RTX 3080 Phantom,NVIDIA,,10,,GDDR6,,3,2950
690,,MSI,GeForce RTX 3090 Ti SUPRIM X 24G,NVIDIA,10752,24,21,GDDR6,850,36,3630
691,,Sapphire,11310-01-20G,AMD,1792,8,14,GDDR6,500,12,730
692,,Colorful,Rtx 3070 ti Ultra W. oc 8g-v,NVIDIA,,256,,GDDR6,750,12,2000
693,,Gainward,GeForce RTX 3070 TI,NVIDIA,,8,19,GDDR6,,3,1370
694,,AFOX,Rx580-8gd5 Snake,AMD,,256,8,GDDR5,500,12,400
695,,,,NVIDIA,486440819262564481234126461475234120860212576804320600203081064764,448,,GDDR6,,3,1200
696,,Palit,NE5105T018G1-1070F,NVIDIA,,4,,GDDR5,300,6,4000
697,,Gainward,NED3080019IA-132AX,NVIDIA,,10,19,GDDR6,,24,1700
698,,ASUS,ROG-STRIX-RTX3090-O24G-GAMING,NVIDIA,,24,5,GDDR6,750,3,2445
699,,ASUS,ROG-STRIX-RTX3080-O10G-V2-GAMING,NVIDIA,8704,10,19,GDDR6,850,12,
700,,PNY,P400,NVIDIA,256,2,,GDDR5,,3,515
701,,Gigabyte,GV-R69XTGAMING OC-16GD,AMD,5120,16,,GDDR6,850,12,1590
702,,Powercolor,AXRX 550 2GBD5-DH,AMD,,2,0,GDDR5,,12,500
703,,Colorful,RTX 3060,NVIDIA,,256,,GDDR6,600,12,2000
704,,EVGA,24G-P5-3987-KR,NVIDIA,10496,24,,GDDR6,750,12,2180
705,,Galax,Rtx 2060 Plus 1-Click OC,NVIDIA,12122463012756676804320,12,14,GDDR6,11188318500,3,1400
706,,Asus,ROG-STRIX-RTX3070-O8G-GAMING,NVIDIA,5888,8,14,GDDR6,750,36,2400
707,,,GeForce RTX 3050 Twin Edge OCPartNumber: ZT-A30500H-10MMemória: 8GBTipo Memória: GDDR6Cooler: DuploCore Clock: 1807 MhzVelocidade da Memória: 14 GbpsInterface da Memória: 128 BitsNúcleo Processamento CUDA: 2560DirectX: DirectX 12Conectores:01HDMI e 03 Display PortInterface: PCI Express 4.0 8xIluminação: Led BrancoQuantidade Máxima de Monitores: 4REQUISITOSPlaca Mãe Compatível com PCI Express 4.0Conector de Alimentação Suplementar PCI Express 8-pinFonte de 550 WattsConexão com à Internet para Atualização de SoftwareITENS INCLUSOSPlaca de Vídeo RTX 3050 Twin Edge OC.,NVIDIA,,8,14,GDDR6,,3,1120
708,,ZOTAC,ZT-A30800D-10PLHR,NVIDIA,8704,10,19,GDDR6,750,12,2284
709,,Gigabyte,GV-R68XTGAMING OC-16GD,AMD,4608,16,,GDDR6,750,12,2001
710,,Colorful,Rtx 3050 nb 8g Ex-v,NVIDIA,,128,,Gddr6,550,12,2000
711,,Gainward,Rtx 2060,,,12,,GDDR6,,3,2000
712,,PCYES,GTX 1050TI,NVIDIA,,4,7,GDDR5,,12,800
713,,Asus,AMD RX6600XT,AMD,,8,16,GDDR6,500,12,2000
714,,PNY,Quadro T1000,NVIDIA,,4,10,GDDR6,250,3,450
715,,Pny,VCQP400V2-PB,NVIDIA,,2,,GDDR5,,3,700
716,,Pny,T600 4gb Gddr6,NVIDIA,600464612816064030164144076804320604551202880600565183360004,4,,GDDR6,,3,430
717,,ASUS,90YV0GC0-M0NA10,NVIDIA,,12,15,GDDR6,750,,
718,,Palit,NE63070019P2-1041A-V1,NVIDIA,,8,14,GDDR6,650,24,1800
719,,Asus,Tuf-gtx1660ti-o6g-evo-gaming,NVIDIA,,6,12,GDDR6,450,3,1210
720,,Arktek- Modelo: AKN730D3S4GL1,AKN730D3S4GL1,,,4,,GDDR6,,3,640
721,,Asus,PH-GTX1650-O4GD6,NVIDIA,,4,12,GDDR6,300,12,840
722,,Gigabyte,GeForce RTX 3060 VISION OC 12G (rev. 2.0) GV-N3060VISION OC-12GD,NVIDIA,3584,12,,GDDR6,550,3,3000
723,,Pny,Vcqp620v2-pb,NVIDIA,512,2,,GDDR5,,3,560
724,,,Rtx 2060 Super nb,NVIDIA,,,,Gddr6,550,12,1000
725,,Pny,Uprising Dual Fan,,,8,,Gddr6,,12,3000
726,,PNY,NVIDIA QUADRO T600,NVIDIA,640,4,,GDDR6,,12,426
727,,Palit Modelo: NE63050019P1-190AF Engine Gráfica: NVIDIA GeForce RTX 3050 Tecnologia LHR: Sim Chip: GA106 CUDA Cores: 2560 Tamanho da memória: 8 GB Interface da memória: 128 bit DRAM: GDDR6 Core Clock: 1552 MHz Boost Clock: 1777 MHz Velocidade da memória: 14 Gbps Largura de banda da memória: 224 GBs Energia: 130 W Slots: 2 slots Dimensões: 170 x 125 x 40 mm,NE63050019P1-190AF Engine Gráfica: NVIDIA GeForce RTX 3050 Tecnologia LHR: Sim Chip: GA106 CUDA Cores: 2560 Tamanho da memória: 8 GB Interface da memória: 128 bit DRAM: GDDR6 Core Clock: 1552 MHz Boost Clock: 1777 MHz Velocidade da memória: 14 Gbps Largura de banda da memória: 224 GBs Energia: 130 W Slots: 2 slots Dimensões: 170 x 125 x 40 mm,NVIDIA,2560812861552177714224130217012540,8,14,GDDR6,,12,1000
728,,Zotac,GeForce RTX 3090 TI AMP Extreme HoloPart,NVIDIA,,24,21,GDDR6,,3,1987
729,,Msi,,NVIDIA,,10,19,GDDR6,750,12,1400
730,,Msi,,NVIDIA,40904163842124638416185012464768043203141412086021280140432741215547010112,24,,GDDR6,40904163842124638416185012464768043203141412086021280140432741215547010112,3,3000
731,,pny,vcg1660t6dfppb1,NVIDIA,,6,,GDDR6,450,3,860
732,,Colorful,Nb V2-v,NVIDIA,,6,,GDDR6,500,12,1000
733,,Palit,Ned309t019sb,NVIDIA,,24,21,GDDR6,,3,1987
734,,Galax,37ISM6MD4COC,NVIDIA,,8,19,GDDR6,,3,1390
735,,EVGA,02G-P4-6333-KR,NVIDIA,,6,,GDDR5,300,12,484
736,,"PNY Modelo: VCG306012DFXPPB - Núcleos CUDA: 3584 - Bus: PCI Express 4.0 16x - Clore Clock: Base: 1320 MHz, Boost: 1777Mhz - Clock de Memória: 15 Gbps - Memória: 12GB GDDR6 - Interface de Memória: 192 Bits - Suporte HDCP 2.3 - Versão DirectX: 12 Ultimate - Versão OpenGL: 4.6 - 2º Geração dos Nucleos Ray Tracing - 3° Geração de Nucleos TensoresConexões: - 3 x DisplayPort 1.4a - 1 x HDMI 2.1","VCG306012DFXPPB - Núcleos CUDA: 3584 - Bus: PCI Express 4.0 16x - Clore Clock: Base: 1320 MHz, Boost: 1777Mhz - Clock de Memória: 15 Gbps - Memória: 12GB GDDR6 - Interface de Memória: 192 Bits - Suporte HDCP 2.3 - Versão DirectX: 12 Ultimate - Versão OpenGL: 4.6 - 2º Geração dos Nucleos Ray Tracing - 3° Geração de Nucleos TensoresConexões: - 3 x DisplayPort 1.4a - 1 x HDMI 2.1",NVIDIA,,15,15,GDDR6,,3,1000
737,,,Gt-210 - Chipset: Nvidia Geforce Gt 210 - Velocidade do núcleo: 520 MHz - Memória: 1GB - Tipo de memória: DDR3 - Clock de memória: 600 MHz - Interface de memória: 64bit - Max. Resolução por display: 2048x1536 - Interface: Pci Express 2.0 x16 - Saídas de vídeo: Hdmi + Vga + Dvi - Peso aprox.: 147g,NVIDIA,,1,,GDDR6,,3,300
738,,HP,NVIDIA QUADRO NVS 315 1GB DDR3 48 GPU CORES - E1U66AA,NVIDIA,,1,,GDDR3,,3,660
739,,Afox,R5 220,AMD,,,,GDDR3,,12,
740,,Galax,Rtx 3090,NVIDIA,10496,5,5,GDDR6,,3,2420
741,,Asus,TUF-RTX3070-O8G-V2-GAMING,NVIDIA,,8,14,GDDR6,750,36,
742,,Colorful,Geforce Rtx 3080 ti Vulcan,NVIDIA,,12,,GDDR6,750,12,2480
743,,Gigabyte,GV-N3060EAGLE-12GD REV 2.0,NVIDIA,,12,,GDDR6,,12,1500
744,,Rise,RM-SV-01-HL,,,,,GDDR6,,3,188
745,,Msi,912-V505-007,NVIDIA,,19,19,GDDR6,750,3,3000
746,,Power,Radeon Red Dragon Rx570,AMD,,4,0,GDDR5,,3,1000
747,,Asus,Tuf-Rx6800xt-O16g-Gaming,AMD,720,16,16,GDDR6,700,12,2600
748,,XFX,RX66XL8LFDQ,,,14,14,GDDR6,650,3,1500
749,,PCYES,GT730,NVIDIA,384,304,,GDDR5,,12,500
750,,"Gigabyte - Modelo: RTX3070TI Com a placa de vídeo Gigabyte GeForce RTX 3070 TI OC, obtenha um novo nível de qualidade gráfica e desempenho em seu setup. Equipada com a tecnologia Windforce com três ventoinhas de rotação alternada e componentes que melhoram a dissipação de calor e mantém temperaturas estáveis, impactando diretamente no processamento de dados. Especificações Técnicas: - NVIDIA Ampere Streaming Multiprocessors 2ª Geração RT Cores 3ª Geração Tensor Cores - Powered by GeForce RTX™ 3070 Ti - Integrado com 8GB GDDR6X Interface de memória de 256 bits - Sistema de resfriamento WINDFORCE 3X com ventoinhas alternadas - RGB Fusion 2.0 - Protection Placa traseira de metal - Relógio principal - 1830 MHz (Cartão de referência: 1770 MHz) - O sistema de resfriamento WINDFORCE 3X possui dois ventiladores de lâmina exclusivos de 90 mm e um de 80 mm, rotação alternada, 7 tubos de calor de cobre composto, uma grande placa de cobre que toca diretamente a GPU, ventiladores ativos 3D e resfriamento de tela, que juntos fornecem dissipação de calor de alta eficiência. - A rotação alternada pode reduzir a turbulência dos ventiladores adjacentes e aumentar a pressão do ar. - A GIGABYTE gira as ventoinhas adjacentes na direção oposta, para que a direção do fluxo de ar entre as duas ventoinhas seja a mesma, reduzindo a turbulência e aumentando a pressão do fluxo de ar. - O 3D Active Fan fornece resfriamento semi-passivo e os ventiladores permanecerão desligados quando a GPU estiver em um jogo de baixa carga ou baixa potência. - O lubrificante nano de grafeno pode prolongar a vida útil do ventilador do rolamento de manga em 2,1 vezes, próximo à vida útil do rolamento de esferas duplo e é mais silencioso. - O design do dissipador de calor estendido permite que o fluxo de ar passe, proporcionando melhor dissipação de calor. - Com contato direto com a GPU e a VRAM, a grande placa de cobre combina os tubos de calor compostos para transferir com eficiência o calor gerado dos núcleos internos para o dissipador de calor. - RGB Fusion 2.0 Com 16,7 milhões de opções de cores personalizáveis ??e vários efeitos de iluminação, você pode escolher efeitos de iluminação ou sincronizar com outros dispositivos AORUS.´´ Conteúdo da Embalagem: - Placa Gigabyte/Manual de Instrucao / CD de Instalacao Dimensões: - 41 x 24 x 9 cm - Peso: 1,78kg","RTX3070TI Com a placa de vídeo Gigabyte GeForce RTX 3070 TI OC, obtenha um novo nível de qualidade gráfica e desempenho em seu setup. Equipada com a tecnologia Windforce com três ventoinhas de rotação alternada e componentes que melhoram a dissipação de calor e mantém temperaturas estáveis, impactando diretamente no processamento de dados. Especificações Técnicas: - NVIDIA Ampere Streaming Multiprocessors 2ª Geração RT Cores 3ª Geração Tensor Cores - Powered by GeForce RTX™ 3070 Ti - Integrado com 8GB GDDR6X Interface de memória de 256 bits - Sistema de resfriamento WINDFORCE 3X com ventoinhas alternadas - RGB Fusion 2.0 - Protection Placa traseira de metal - Relógio principal - 1830 MHz (Cartão de referência: 1770 MHz) - O sistema de resfriamento WINDFORCE 3X possui dois ventiladores de lâmina exclusivos de 90 mm e um de 80 mm, rotação alternada, 7 tubos de calor de cobre composto, uma grande placa de cobre que toca diretamente a GPU, ventiladores ativos 3D e resfriamento de tela, que juntos fornecem dissipação de calor de alta eficiência. - A rotação alternada pode reduzir a turbulência dos ventiladores adjacentes e aumentar a pressão do ar. - A GIGABYTE gira as ventoinhas adjacentes na direção oposta, para que a direção do fluxo de ar entre as duas ventoinhas seja a mesma, reduzindo a turbulência e aumentando a pressão do fluxo de ar. - O 3D Active Fan fornece resfriamento semi-passivo e os ventiladores permanecerão desligados quando a GPU estiver em um jogo de baixa carga ou baixa potência. - O lubrificante nano de grafeno pode prolongar a vida útil do ventilador do rolamento de manga em 2,1 vezes, próximo à vida útil do rolamento de esferas duplo e é mais silencioso. - O design do dissipador de calor estendido permite que o fluxo de ar passe, proporcionando melhor dissipação de calor. - Com contato direto com a GPU e a VRAM, a grande placa de cobre combina os tubos de calor compostos para transferir com eficiência o calor gerado dos núcleos internos para o dissipador de calor. - RGB Fusion 2.0 Com 16,7 milhões de opções de cores personalizáveis ??e vários efeitos de iluminação, você pode escolher efeitos de iluminação ou sincronizar com outros dispositivos AORUS.´´ Conteúdo da Embalagem: - Placa Gigabyte/Manual de Instrucao / CD de Instalacao Dimensões: - 41 x 24 x 9 cm - Peso: 1,78kg",NVIDIA,33070862563201830177039080733212016741249178,8,,GDDR6,,3,1078
751,,Axle,,AMD,,8,,GDDR5,,3,900
752,,AFOX,R5 220,AMD,,64,,GDDR5,,12,984
753,,PCWINMAX,,AMD,,4,,GDDR5,,12,1000
754,,AFOX,GEFORCE GT610 P/N: AF610-2048D3L7-V5,NVIDIA,,64,,GDDR5,,3,150
755,,Asrock,RX6600-Challenger D,AMD,,8,14,GDDR6,500,3,1100
756,,MSI,912-V388-002,NVIDIA,,5,5,GDDR6,,12,2000
757,,Galax,37NSL6MD2KOC,NVIDIA,5888,14,14,GDDR6,,24,1460
758,,Zotac,ZT-A30600E-10M,NVIDIA,,12,15,GDDR6,,12,1300
759,,,Card Holoer ARGB,,,,,GDDR6,,3,250
760,,,,NVIDIA,,,,GDDR6,,,1890
761,,,AFR5AFR5230-2048D3L9,AMD,,2,,GDDR6,,12,282
762,,Afox,AF420-4096D3L2,NVIDIA,,4,,GDDR6,,3,400
763,,Galax,RTX 3060 TI GDDR6X 1-Click OC Plus 36ISM6MD4CPC,NVIDIA,152,8,19,GDDR6,,24,1800
764,,AFOX,Geforce Gtx 750,NVIDIA,,4,5,GDDR5,,3,400
765,,Asus,KO-RTX3060-O12G-V2-GAMING,NVIDIA,112,192,15,GDDR6,600,3,1800
766,,Palit,GeForce RTX 3080 GamingPro OC,NVIDIA,,3080,19,GDDR6,,24,2100
767,,Asus,Gddr6x,NVIDIA,121224630128666,10,19,GDDR6,850350,3,
768,,Pny,T400,NVIDIA,12121463012756651202880,4,10,GDDR6,,3,460
769,,PowerColor,Rx-570,AMD,,4,0,GDDR5,,3,600
770,,Gigabyte,NVIDIA GeForce RTX 4090,NVIDIA,,21,21,GDDR6,1000,12,2000
771,,Gainward,NE6306T019P2-190AB,,,48,14,GDDR6,,12,920
772,,PCYES,GT 610 GDD3 2GB,NVIDIA,,610,2,GDDR3,2,12,310
773,,Afox,AFRX560D-4096D5H4-V2,AMD,,16,,GDDR5,,12,500
774,,Colorful,Rtx 3080 ti Nb-v,NVIDIA,,,,Gddr6,750,12,2360
775,,Gigabyte,GV-N1050G1,NVIDIA,,128,7,GDDR5,,12,1000
776,,MSI,912-V388-016,NVIDIA,,5,5,GDDR6,,12,3500
777,,Afox,GT 420 - AF420-4096D3L5,,,4,,GDDR6,,12,340
778,,Galax,60IRL7DSY91C,NVIDIA,1536,12,12,GDDR6,,3,1080
779,,Galax,26NRL7HPX7OC,NVIDIA,,6,14,GDDR6,10,12,1400
780,,Gigabyte,GV-N166TD6-6GD,NVIDIA,,6,,GDDR6,450,12,900
781,,,,NVIDIA,,128,,GDDR6,,12,310
782,,Asus,ROG-STRIX-RTX3060-O12G-V2-GAMING,NVIDIA,3584,12,15,GDDR6,750,12,
783,,Gigabyte,GV-R67XTEAGLE-12GD,AMD,2560,12,,GDDR6,650,12,1400
784,,"Gigabyte - Modelo: GV-N640D5-1GL Especificações: - Interface: PCI Express 2.0 - Chipset Fabricante: NVIDIA - GPU: GeForce GT 640 - Clock do core: 1046MHz - CUDA Cores: 384 - Clock da memória eficaz: 5000MHz - Tamanho da memória: 1GB - Interface de memória: 64 bits - Tipo de memória: GDDR5 - API 3D: DirectX 11, OpenGL 4.3 - Resolução Máxima: 2560 x 1600 - Refrigerador: Com Fan - Largura do slot: Slot único - Requisitos do sistema: 300w de potÊncia Requisito - Dual-Link DVI com suporte - HDCP Ready - Fator de Forma: Low Profile - Dimensões do cartão: 22mm x 157 mm x 120 mm Portas: - HDMI = 1 - D-SUB = 1 - DVI = 1","GV-N640D5-1GL Especificações: - Interface: PCI Express 2.0 - Chipset Fabricante: NVIDIA - GPU: GeForce GT 640 - Clock do core: 1046MHz - CUDA Cores: 384 - Clock da memória eficaz: 5000MHz - Tamanho da memória: 1GB - Interface de memória: 64 bits - Tipo de memória: GDDR5 - API 3D: DirectX 11, OpenGL 4.3 - Resolução Máxima: 2560 x 1600 - Refrigerador: Com Fan - Largura do slot: Slot único - Requisitos do sistema: 300w de potÊncia Requisito - Dual-Link DVI com suporte - HDCP Ready - Fator de Forma: Low Profile - Dimensões do cartão: 22mm x 157 mm x 120 mm Portas: - HDMI = 1 - D-SUB = 1 - DVI = 1",NVIDIA,38450001645311432560160030022157120111,1,,GDDR5,,3,450
785,,Asus,RX 6900xt,AMD,,16,16,GDDR6,850,12,3000
786,,Galax,48NZM6MD6LSG,NVIDIA,304,16,23,GDDR6,,3,4000
787,,: Gainward,: GeForce RTX 3060Ti,,,8,14,GDDR6,550,12,960
788,,Galax,36ISL6MD1WGG,NVIDIA,,8,,GDDR6,,3,1370
789,,Valianty,210-512D3L3-V2,NVIDIA,,1,,GDDR3,,3,400
790,,Palit,NE6166S018J9-1160A-1,NVIDIA,1408,6,14,GDDR6,450,12,2865
791,,Sapphire,11309-01-20G,AMD,2048,8,,GDDR6,500,12,900
792,,Galax,,NVIDIA,,24,,GDDR6,,12,3000
793,,AFOX,AF750-2048D5H6,NVIDIA,,2,,GDDR5,,12,800
794,,,Rtx 3080 Neptune Lhr,NVIDIA,,320,,Gddr6,750,12,3080
795,,EVGA,EVGA GEFORCE 210,NVIDIA,,64,,Gddr6,,3,252
796,,Neologic,AMD RX 550,AMD,,4,7,GDDR5,,3,1860
797,,Colorful,RTX 3070 V2,NVIDIA,,14,,GDDR6,650,12,2000
798,,PCYes,PA740GT12804D5FZ,,384,4,5,GDDR5,,12,713
799,,Evga,08G-P5-3663-KL,NVIDIA,4864,48,,GDDR6,600,12,1060
800,,Colorful,Rtx 3070 Ultra W. oc Lhr-v,NVIDIA,,256,,GDDR6,650,12,2000
801,,ASUS,ROG-STRIX-RX6700XT-O12G-GAMING,AMD,2560,12,,GDDR6,650,12,
802,,Gigabyte,GV-N306TVISION OC-8GD,NVIDIA,4864,8,,GDDR6,650,36,1110
803,,Afox Modelo: AF1650-4096D6H3-V3 - Motor gráfico: NVIDIA GeForce GTX 1650 - Núcleos CUDA: 896 - Interface de memória: 128-bit - Memória de vídeo: 4096MB GDDR6 - Padrão de barramento: PCI Express 3.0 - Clock padrão: 1410 MHz - Clock boost: 1620 MHz - Clock de memória: 12.0Gbps - Resolução máxima: 4K60HzRecursos: - NVIDIA Adaptive V-Sync - Suporte HDCP - GeForce GTX VR Ready - NVIDIA GPU Boost - NVIDIA 3D Vision™ Surround Ready - NVIDIA PhysX® readySaídas: - 1 x HDMI - 1 x Display port - 1 x DVI,AF1650-4096D6H3-V3 - Motor gráfico: NVIDIA GeForce GTX 1650 - Núcleos CUDA: 896 - Interface de memória: 128-bit - Memória de vídeo: 4096MB GDDR6 - Padrão de barramento: PCI Express 3.0 - Clock padrão: 1410 MHz - Clock boost: 1620 MHz - Clock de memória: 12.0Gbps - Resolução máxima: 4K60HzRecursos: - NVIDIA Adaptive V-Sync - Suporte HDCP - GeForce GTX VR Ready - NVIDIA GPU Boost - NVIDIA 3D Vision™ Surround Ready - NVIDIA PhysX® readySaídas: - 1 x HDMI - 1 x Display port - 1 x DVI,NVIDIA,,,0,GDDR6,,3,1000
804,,Colorful,RTX 3090 Vulcan OC,NVIDIA,,24,,GDDR6,750,12,2360
805,,Asus,90YV0GB5-M0NA00,AMD,4864,0,14,GDDR6,750,12,2400
806,,Zotac,ZT-T20600H-10M,NVIDIA,,6,14,GDDR6,500,12,1090
807,,Zotac,ZT-A30610E-10MLHR,NVIDIA,4864,8,0,GDDR6,650,12,1030
808,,ASRock,Intel Arc A770 Phantom Gaming D 8GB OC,,,8,16,GDDR6,700,12,1967
809,,,,NVIDIA,,,,GDDR6,,12,358
810,,Asus,DUAL-RTX3060TI-O8G-V2,NVIDIA,,8,14,GDDR6,,3,2020
811,,Evga,Rtx 3070ti,NVIDIA,6144,608,,GDDR6,,12,2000
812,,Gigabyte,GV-R55XTOC-4GD,AMD,1408,4,,GDDR6,,12,1021
813,,Adamantiun,Aegir,,,,,GDDR6,,3,1070
814,,Colorful,Rtx 3060 Bilibili E-sports Edition Lhr,NVIDIA,,3060,,GDDR6,550,12,2000
815,,Asus,ROG-STRIX-RTX3070-O8G-V2-GAMING,NVIDIA,5888,8,14,GDDR6,750,12,
816,,Gigabyte,GV-RX570GAMING-4GD,AMD,2048,4,,GDDR5,450,12,1021
817,,Lian Li,O11DXL-1X.40,,,,,GDDR5,,3,200
818,,PowerColor,RX 6800 XT 16GB GDDR6,AMD,,16,0,GDDR6,,12,1960
